IdCampanha,DataInicio,iTipoCampanha,Envios,QtdPedidos_N,QtdAberturas_N,Montante_N,QtdPedidos_N1,QtdAberturas_N1,Montante_N1,QtdPedidos_N2,QtdAberturas_N2,Montante_N2,QtdPedidos_N3,QtdAberturas_N3,Montante_N3,QtdPedidos_N4,QtdAberturas_N4,Montante_N4
2406,2022-11-08,iXS_PMS,8102,0,0,0.0000,0,0,0.0000,0,0,0.0000,0,0,0.0000,0,0,0.0000
2424,2022-11-17,iXS_PMS,1734,0,0,0.0000,0,0,0.0000,0,0,0.0000,0,0,0.0000,0,0,0.0000
2435,2022-12-06,iXS_PCDPM_1T,17979,0,0,0.0000,0,0,0.0000,0,0,0.0000,0,0,0.0000,0,0,0.0000
2436,2022-12-07,iXS_RUC_1T,17987,0,0,0.0000,0,0,0.0000,0,0,0.0000,0,0,0.0000,0,0,0.0000
2437,2022-12-07,iXS_PMS,6875,0,0,0.0000,0,0,0.0000,0,0,0.0000,0,0,0.0000,0,0,0.0000
2471,2022-12-30,iXS_PMS,2954,0,0,0.0000,0,0,0.0000,0,0,0.0000,0,0,0.0000,0,0,0.0000
2473,2023-01-04,iXS_PCDPM_1T,27967,0,0,0.0000,0,0,0.0000,0,0,0.0000,0,0,0.0000,0,0,0.0000
2474,2023-01-04,iXS_RUC_1T,23982,0,0,0.0000,0,0,0.0000,0,0,0.0000,0,0,0.0000,0,0,0.0000
2503,2023-01-25,iXS_PMS,1724,0,0,0.0000,0,0,0.0000,0,0,0.0000,0,0,0.0000,0,0,0.0000
2521,2023-02-13,iXS_PMS,295,0,0,0.0000,0,0,0.0000,0,0,0.0000,0,0,0.0000,0,0,0.0000
2522,2023-02-13,iXS_PMS,1255,0,0,0.0000,0,0,0.0000,0,0,0.0000,0,0,0.0000,0,0,0.0000
2525,2023-02-14,iXS_CCR_SMSA,10179,0,0,0.0000,0,0,0.0000,0,0,0.0000,0,0,0.0000,0,0,0.0000
2526,2023-02-14,iXS_CCR_SMSA,5770,0,0,0.0000,0,0,0.0000,0,0,0.0000,0,0,0.0000,0,0,0.0000
2550,2023-02-13,iXS_PCDPM_1T,6495,0,0,0.0000,0,0,0.0000,0,0,0.0000,0,0,0.0000,0,0,0.0000
2552,2023-03-07,iXS_RUC_1T,13989,0,0,0.0000,0,0,0.0000,0,0,0.0000,0,0,0.0000,0,0,0.0000
2558,2023-03-07,iXS_PCDPM_1T,6573,0,0,0.0000,0,0,0.0000,0,0,0.0000,0,0,0.0000,0,0,0.0000
2561,2023-03-07,iXS_PMS,1809,0,0,0.0000,0,0,0.0000,0,0,0.0000,0,0,0.0000,0,0,0.0000
2562,2023-03-07,iXS_PMS,3104,0,0,0.0000,0,0,0.0000,0,0,0.0000,0,0,0.0000,0,0,0.0000
2577,2023-02-12,iXS_RUC_1T,9486,0,0,0.0000,0,0,0.0000,0,0,0.0000,0,0,0.0000,0,0,0.0000
2593,2023-03-21,iXS_PCD_Auto,1259,0,0,0.0000,0,0,0.0000,0,0,0.0000,0,0,0.0000,0,0,0.0000
2594,2023-03-21,iXS_PCD_Auto,293,0,0,0.0000,0,0,0.0000,0,0,0.0000,0,0,0.0000,0,0,0.0000
2595,2023-03-21,iXS_PCD_Auto,2450,0,0,0.0000,0,0,0.0000,0,0,0.0000,0,0,0.0000,0,0,0.0000
2598,2023-04-02,iXS_PCDPM_1T,2,0,0,0.0000,0,0,0.0000,0,0,0.0000,0,0,0.0000,0,0,0.0000
2599,2023-03-07,iXS_CCR_SMSA,9068,0,0,0.0000,0,0,0.0000,0,0,0.0000,0,0,0.0000,0,0,0.0000
2600,2023-03-07,iXS_CCR_SMSA,5525,0,0,0.0000,0,0,0.0000,0,0,0.0000,0,0,0.0000,0,0,0.0000
2638,2023-04-18,iXS_PCDPM_1T,2,0,0,0.0000,0,0,0.0000,0,0,0.0000,0,0,0.0000,0,0,0.0000
2639,2023-04-11,iXS_CCR_SMSA,9584,0,0,0.0000,0,0,0.0000,0,0,0.0000,0,0,0.0000,0,0,0.0000
2640,2023-04-11,iXS_CCR_SMSA,5447,0,0,0.0000,0,0,0.0000,0,0,0.0000,0,0,0.0000,0,0,0.0000
2641,2023-04-26,iXS_PCDPM_1T,2501,0,0,0.0000,0,0,0.0000,0,0,0.0000,0,0,0.0000,0,0,0.0000
2644,2023-04-05,iXS_RUC_1T,12449,0,0,0.0000,0,0,0.0000,0,0,0.0000,0,0,0.0000,0,0,0.0000
2645,2023-04-05,iXS_PCDPM_1T,6001,0,0,0.0000,0,0,0.0000,0,0,0.0000,0,0,0.0000,0,0,0.0000
2647,2023-04-11,iXS_PMS,4001,0,0,0.0000,0,0,0.0000,0,0,0.0000,0,0,0.0000,0,0,0.0000
2650,2023-04-01,iXS_RUC_1T,2501,0,0,0.0000,0,0,0.0000,0,0,0.0000,0,0,0.0000,0,0,0.0000
2657,2023-05-15,iXS_PCDPM_1T,2500,0,0,0.0000,0,0,0.0000,0,0,0.0000,0,0,0.0000,0,0,0.0000
2664,2023-05-23,iXS_CCR_SMSA,5378,0,0,0.0000,0,0,0.0000,0,0,0.0000,0,0,0.0000,0,0,0.0000
2667,2023-06-05,iXS_PCDPM_1T,7497,0,0,0.0000,0,0,0.0000,0,0,0.0000,0,0,0.0000,0,0,0.0000
2668,2023-06-05,iXS_PCDPM_1T,7499,0,0,0.0000,0,0,0.0000,0,0,0.0000,0,0,0.0000,0,0,0.0000
2699,2023-06-15,iXS_PMS,1494,0,0,0.0000,0,0,0.0000,0,0,0.0000,0,0,0.0000,0,0,0.0000
2700,2023-06-15,iXS_PMS,980,0,0,0.0000,0,0,0.0000,0,0,0.0000,0,0,0.0000,0,0,0.0000
2705,2023-06-06,iXS_CCR_SMSA,7929,0,0,0.0000,0,0,0.0000,0,0,0.0000,0,0,0.0000,0,0,0.0000
2706,2023-06-06,iXS_CCR_SMSA,4552,0,0,0.0000,0,0,0.0000,0,0,0.0000,0,0,0.0000,0,0,0.0000
2719,2023-06-21,iXS_RUC_1T,2000,0,0,0.0000,0,0,0.0000,0,0,0.0000,0,0,0.0000,0,0,0.0000
2720,2023-06-21,iXS_RUC_1T,2000,0,0,0.0000,0,0,0.0000,0,0,0.0000,0,0,0.0000,0,0,0.0000
2721,2023-06-21,iXS_RUC_1T,2500,0,0,0.0000,0,0,0.0000,0,0,0.0000,0,0,0.0000,0,0,0.0000
2722,2023-06-21,iXS_RUC_1T,2500,0,0,0.0000,0,0,0.0000,0,0,0.0000,0,0,0.0000,0,0,0.0000
2728,2023-07-11,iXS_CCR_SMSA,5495,0,0,0.0000,0,0,0.0000,0,0,0.0000,0,0,0.0000,0,0,0.0000
2746,2023-07-10,iXS_PCDPM_1T,2501,0,0,0.0000,0,0,0.0000,0,0,0.0000,0,0,0.0000,0,0,0.0000
2752,2023-07-18,iXS_RUC_1T,10001,0,0,0.0000,0,0,0.0000,0,0,0.0000,0,0,0.0000,0,0,0.0000
2753,2023-07-17,iXS_CCR_SMSA,9162,0,0,0.0000,0,0,0.0000,0,0,0.0000,0,0,0.0000,0,0,0.0000
2754,2023-07-19,iXS_RUC_1T,9766,0,0,0.0000,0,0,0.0000,0,0,0.0000,0,0,0.0000,0,0,0.0000
2755,2023-07-19,iXS_RUC_1T,5000,0,0,0.0000,0,0,0.0000,0,0,0.0000,0,0,0.0000,0,0,0.0000
2756,2023-07-19,iXS_RUC_1T,5000,0,0,0.0000,0,0,0.0000,0,0,0.0000,0,0,0.0000,0,0,0.0000
2757,2023-07-20,iXS_PCDPM_1T,5001,0,0,0.0000,0,0,0.0000,0,0,0.0000,0,0,0.0000,0,0,0.0000
2759,2023-07-21,iXS_PCDPM_1T,4920,0,0,0.0000,0,0,0.0000,0,0,0.0000,0,0,0.0000,0,0,0.0000
2760,2023-07-24,iXS_PCDPM_1T,2449,0,0,0.0000,0,0,0.0000,0,0,0.0000,0,0,0.0000,0,0,0.0000
2761,2023-07-25,iXS_PCDPM_1T,4900,0,0,0.0000,0,0,0.0000,0,0,0.0000,0,0,0.0000,0,0,0.0000
2763,2023-07-25,iXS_PMS,411,0,0,0.0000,0,0,0.0000,0,0,0.0000,0,0,0.0000,0,0,0.0000
2764,2023-07-25,iXS_PMS,383,0,0,0.0000,0,0,0.0000,0,0,0.0000,0,0,0.0000,0,0,0.0000
2766,2023-07-26,iXS_PCDPM_1T,2444,0,0,0.0000,0,0,0.0000,0,0,0.0000,0,0,0.0000,0,0,0.0000
2771,2023-08-03,iXS_PCDPM_1T,29273,0,0,0.0000,0,0,0.0000,0,0,0.0000,0,0,0.0000,0,0,0.0000
2775,2023-08-07,iXS_RUC_1T,11558,0,0,0.0000,0,0,0.0000,0,0,0.0000,0,0,0.0000,0,0,0.0000
2776,2023-08-07,iXS_RUC_1T,275,0,0,0.0000,0,0,0.0000,0,0,0.0000,0,0,0.0000,0,0,0.0000
2778,2023-08-08,iXS_PMS,723,0,0,0.0000,0,0,0.0000,0,0,0.0000,0,0,0.0000,0,0,0.0000
2779,2023-08-08,iXS_PMS,268,0,0,0.0000,0,0,0.0000,0,0,0.0000,0,0,0.0000,0,0,0.0000
2781,2023-08-09,iXS_CCR_SMSA,7933,0,0,0.0000,0,0,0.0000,0,0,0.0000,0,0,0.0000,0,0,0.0000
2782,2023-08-09,iXS_CCR_SMSA,4596,0,0,0.0000,0,0,0.0000,0,0,0.0000,0,0,0.0000,0,0,0.0000
2801,2023-09-05,iXS_PCDPM_1T,29814,0,0,0.0000,0,0,0.0000,0,0,0.0000,0,0,0.0000,10,4,35500.0000
2803,2023-09-06,iXS_RUC_1T,4977,0,0,0.0000,0,0,0.0000,0,0,0.0000,0,0,0.0000,0,0,0.0000
2804,2023-09-06,iXS_RUC_1T,22,0,0,0.0000,0,0,0.0000,0,0,0.0000,0,0,0.0000,0,0,0.0000
2807,2023-09-07,iXS_CCR_SMSA,12091,0,0,0.0000,0,0,0.0000,0,0,0.0000,0,0,0.0000,0,0,0.0000
2808,2023-09-07,iXS_CCR_SMSA,6823,0,0,0.0000,0,0,0.0000,0,0,0.0000,0,0,0.0000,0,0,0.0000
2822,2023-09-13,iXS_RUC_1T,9954,0,0,0.0000,0,0,0.0000,0,0,0.0000,0,0,0.0000,1,1,19000.0000
2823,2023-09-13,iXS_RUC_1T,9956,0,0,0.0000,0,0,0.0000,0,0,0.0000,0,0,0.0000,2,0,0.0000
2828,2023-09-14,iXS_PMS,530,0,0,0.0000,0,0,0.0000,0,0,0.0000,0,0,0.0000,0,0,0.0000
2829,2023-09-14,iXS_PMS,453,0,0,0.0000,0,0,0.0000,0,0,0.0000,0,0,0.0000,0,0,0.0000
2838,2023-09-27,iXS_Terminados_NPA_1T,123697,0,0,0.0000,0,0,0.0000,0,0,0.0000,0,0,0.0000,4,0,0.0000
2839,2023-09-04,iXS_Terminados_NPA_1T,101482,0,0,0.0000,0,0,0.0000,0,0,0.0000,0,0,0.0000,2,1,3500.0000
2842,2023-10-09,iXS_PCDPM_1T,20001,0,0,0.0000,0,0,0.0000,0,0,0.0000,86,30,222000.0000,6,10,36000.0000
2856,2023-10-10,iXS_CCR_SMSA,8588,0,0,0.0000,0,0,0.0000,0,0,0.0000,8,2,3500.0000,2,1,3000.0000
2857,2023-10-10,iXS_CCR_SMSA,4479,0,0,0.0000,0,0,0.0000,0,0,0.0000,12,0,0.0000,0,3,11500.0000
2883,2023-10-09,iXS_Terminados_NPA_1T,17309,0,0,0.0000,0,0,0.0000,0,0,0.0000,6,1,500.0000,0,0,0.0000
2885,2023-11-06,iXS_PCDPM_1T,17502,0,0,0.0000,0,0,0.0000,99,36,220000.0000,35,15,75250.0000,1,2,35000.0000
2889,2023-11-07,iXS_PMS,552,0,0,0.0000,0,0,0.0000,2,1,13000.0000,1,0,0.0000,0,0,0.0000
2890,2023-11-07,iXS_PMS,912,0,0,0.0000,0,0,0.0000,9,3,12750.0000,4,0,0.0000,0,0,0.0000
2892,2023-11-07,iXS_CCR_SMSA,5553,0,0,0.0000,0,0,0.0000,12,1,10000.0000,8,4,14000.0000,0,0,0.0000
2893,2023-11-07,iXS_CCR_SMSA,9612,0,0,0.0000,0,0,0.0000,32,9,56250.0000,13,4,12000.0000,1,0,0.0000
2910,2023-11-08,iXS_Terminados_NPA_1T,132297,0,0,0.0000,0,0,0.0000,44,2,20500.0000,25,1,1000.0000,2,1,500.0000
2917,2023-11-13,iXS_PCDPM_1T,2500,0,0,0.0000,0,0,0.0000,18,7,72750.0000,11,3,56000.0000,2,2,7000.0000
2918,2023-11-14,iXS_PCDPM_1T,2500,0,0,0.0000,0,0,0.0000,15,6,40250.0000,9,4,12500.0000,0,0,0.0000
2919,2023-11-14,iXS_PCDPM_1T,2500,0,0,0.0000,0,0,0.0000,26,11,66250.0000,13,3,12500.0000,1,1,750.0000
2921,2023-11-15,iXS_RUC_1T,69,0,0,0.0000,0,0,0.0000,0,0,0.0000,0,0,0.0000,0,0,0.0000
2922,2023-11-15,iXS_RUC_1T,2000,0,0,0.0000,0,0,0.0000,3,0,0.0000,2,1,4500.0000,1,1,3000.0000
2923,2023-11-15,iXS_RUC_1T,2000,0,0,0.0000,0,0,0.0000,4,2,20500.0000,3,1,18500.0000,0,0,0.0000
2924,2023-11-16,iXS_RUC_1T,6001,0,0,0.0000,0,0,0.0000,22,6,34750.0000,11,8,30750.0000,0,0,0.0000
2925,2023-11-16,iXS_RUC_1T,6000,0,0,0.0000,0,0,0.0000,19,3,17000.0000,12,4,28500.0000,0,0,0.0000
2926,2023-11-20,iXS_RUC_1T,4930,0,0,0.0000,0,0,0.0000,31,12,100000.0000,17,5,22000.0000,0,1,5000.0000
2927,2023-11-20,iXS_RUC_1T,4001,0,0,0.0000,0,0,0.0000,23,6,26000.0000,6,2,13000.0000,0,1,7000.0000
2928,2023-11-22,iXS_RUC_1T,6785,0,0,0.0000,0,0,0.0000,54,19,100000.0000,29,9,127250.0000,1,1,6500.0000
2929,2023-11-22,iXS_RUC_1T,6785,0,0,0.0000,0,0,0.0000,61,21,165500.0000,28,9,33000.0000,0,2,29500.0000
2932,2023-11-27,iXS_Terminados_NPA_1T,129211,0,0,0.0000,0,0,0.0000,223,57,338000.0000,53,5,42000.0000,2,2,10500.0000
2936,2023-12-06,iXS_PCDPM_1T,970,0,0,0.0000,26,13,62500.0000,3,4,25750.0000,10,4,36000.0000,0,0,0.0000
2951,2023-12-11,iXS_CCR_SMSA,8809,0,0,0.0000,35,10,104500.0000,26,15,90500.0000,16,3,32500.0000,1,0,0.0000
2953,2023-12-11,iXS_CCR_SMSA,5854,0,0,0.0000,36,10,36250.0000,13,5,21500.0000,13,6,21000.0000,0,2,16000.0000
2954,2023-12-11,iXS_CCR_SMSB,5849,0,0,0.0000,27,9,33500.0000,12,4,15000.0000,5,2,2250.0000,0,0,0.0000
2961,2023-12-14,iXS_PCD_NPA_CPay,3410,0,0,0.0000,61,12,47750.0000,16,4,7000.0000,22,5,25250.0000,1,1,2000.0000
2962,2023-12-14,iXS_RUC_NPA_CPay,3500,0,0,0.0000,48,9,17250.0000,17,1,500.0000,10,0,0.0000,0,0,0.0000
2963,2023-12-18,iXS_RUC_1T,4928,0,0,0.0000,101,40,242000.0000,45,16,55500.0000,18,5,12250.0000,0,1,15750.0000
2964,2023-12-18,iXS_RUC_1T,71,0,0,0.0000,0,0,0.0000,0,0,0.0000,0,0,0.0000,0,0,0.0000
2966,2023-12-19,iXS_Terminados_NPA_1T,39008,0,0,0.0000,240,61,327750.0000,146,40,181750.0000,36,13,107250.0000,0,0,0.0000
2967,2023-12-21,iXS_RUC_1T,4915,0,0,0.0000,41,14,53250.0000,26,13,51500.0000,15,3,22500.0000,0,1,500.0000
2969,2023-12-28,iXS_PMS,2377,0,0,0.0000,47,26,173250.0000,11,4,12000.0000,12,3,5250.0000,1,1,20000.0000
2970,2023-12-28,iXS_PMS,4772,0,0,0.0000,32,16,114500.0000,5,3,22500.0000,6,1,1000.0000,0,0,0.0000
2972,2023-12-11,iXS_PCDPM_1T,24550,0,0,0.0000,443,176,1169750.0000,251,123,862250.0000,136,38,213000.0000,3,6,25250.0000
2980,2024-01-15,iXS_RUC_1T,4961,80,19,103500.0000,61,37,163750.0000,35,19,89750.0000,22,6,25000.0000,0,0,0.0000
2982,2024-01-08,iXS_PCDPM_1T,19787,628,236,1464000.0000,302,214,1249500.0000,206,86,488750.0000,107,39,194000.0000,5,6,42750.0000
2986,2024-01-16,iXS_RUC_1T,4931,22,4,24250.0000,38,16,99000.0000,16,12,64500.0000,6,2,6500.0000,0,0,0.0000
2988,2024-01-11,iXS_PMS,4203,37,13,80250.0000,51,27,179750.0000,21,17,104500.0000,7,1,750.0000,0,0,0.0000
2989,2024-01-11,iXS_PMS,787,2,1,7500.0000,2,1,7500.0000,1,1,3000.0000,0,0,0.0000,0,0,0.0000
2990,2024-01-09,iXS_PCDPM_1T,14813,164,51,407500.0000,117,66,454750.0000,57,33,194750.0000,23,9,32000.0000,1,2,51000.0000
3000,2024-01-10,iXS_CCR_SMSA,198,2,0,0.0000,2,1,2000.0000,0,0,0.0000,0,0,0.0000,0,0,0.0000
3024,2024-01-16,iXS_Terminados_NPA_1T,89838,254,56,337500.0000,330,97,611500.0000,329,111,679500.0000,251,63,347500.0000,3,8,37250.0000
3030,2024-01-11,iXS_PMS,3278,4,0,0.0000,23,10,84500.0000,8,5,24250.0000,2,0,0.0000,0,0,0.0000
3034,2024-02-01,iXS_RUC_NPA_CPay,11150,131,22,101000.0000,52,18,70500.0000,18,6,14000.0000,13,3,7500.0000,0,0,0.0000
3035,2024-02-01,iXS_RUC_NPA_CPay,11233,142,23,73000.0000,58,13,50250.0000,22,2,2750.0000,9,0,0.0000,0,0,0.0000
3036,2024-02-06,iXS_PCDPM_1T,9745,122,37,310250.0000,96,50,297250.0000,56,37,243500.0000,28,19,120250.0000,1,1,2000.0000
3053,2024-02-08,iXS_PCDPM_1T,19574,510,198,1221250.0000,340,190,1126250.0000,171,71,438500.0000,108,31,193000.0000,3,4,15500.0000
3054,2024-02-09,iXS_Terminados_NPA_1T,9069,66,10,44250.0000,44,18,85000.0000,19,4,23750.0000,7,1,1000.0000,0,0,0.0000
3059,2024-02-14,iXS_RUC_1T,19668,227,56,228250.0000,229,125,658000.0000,116,58,287750.0000,37,5,24750.0000,1,1,5000.0000
3060,2024-02-14,iXS_PMS,2488,12,4,42500.0000,13,8,62750.0000,7,2,9000.0000,4,1,13000.0000,1,0,0.0000
3066,2024-02-19,iXS_PCD_Auto,2822,8,1,3000.0000,13,6,59000.0000,6,3,35750.0000,3,0,0.0000,0,0,0.0000
3067,2024-02-20,iXS_PCD_NPA_1T,4255,710,169,828750.0000,216,164,739000.0000,122,33,184500.0000,102,25,135500.0000,2,2,20750.0000
3068,2024-02-21,iXS_PMS,4999,14,5,23500.0000,31,12,71000.0000,22,10,52750.0000,5,2,10000.0000,0,0,0.0000
3069,2024-02-20,iXS_PCD_NPA_1T,5001,178,2,10000.0000,47,1,5000.0000,43,1,5000.0000,59,5,52000.0000,0,1,20000.0000
3070,2024-02-09,iXS_Terminados_NPA_1T,55004,83,5,32000.0000,342,91,492000.0000,77,21,85250.0000,58,12,51250.0000,3,2,12250.0000
3071,2024-03-04,iXS_PCD_NPA_1T,12717,266,80,369750.0000,93,37,217250.0000,70,26,176250.0000,43,11,66250.0000,0,4,41000.0000
3073,2024-03-06,iXS_PCDPM_1T,4883,52,22,172250.0000,33,14,125250.0000,11,11,85750.0000,11,1,5000.0000,0,1,6500.0000
3075,2024-03-06,iXS_PCDPM_1T,24507,400,146,916750.0000,210,113,634250.0000,102,49,279750.0000,47,15,111000.0000,5,5,23000.0000
3102,2024-03-11,iXS_PMS,5000,52,18,189750.0000,30,14,101250.0000,10,3,6000.0000,2,1,12000.0000,0,0,0.0000
3103,2024-03-14,iXS_RUC_NPA_CPay,20652,151,20,50000.0000,104,31,75500.0000,39,5,12000.0000,38,6,11000.0000,1,3,38500.0000
3106,2024-03-14,iXS_RUC_NPA_CPay,7636,26,6,45250.0000,14,6,17000.0000,5,1,5250.0000,7,1,3000.0000,0,0,0.0000
3108,2024-03-18,iXS_PMS,5000,48,8,45750.0000,31,22,96500.0000,19,8,47000.0000,4,1,14750.0000,0,0,0.0000
3109,2024-03-18,iXS_RUC_1T,18680,166,35,158000.0000,174,84,352000.0000,70,35,173250.0000,27,5,51250.0000,2,2,7500.0000
3113,2024-03-27,iXS_Terminados_NPA_1T,74198,115,4,14000.0000,377,102,595250.0000,88,34,175250.0000,52,13,56000.0000,1,0,0.0000
3114,2024-04-03,iXS_PCDPM_1T,28428,519,189,1133500.0000,401,203,1179000.0000,199,93,535750.0000,148,46,247350.0000,19,15,100750.0000
3116,2024-04-05,iXS_PCD_NPA_1T,2606,390,126,616500.0000,218,94,427500.0000,135,39,129750.0000,154,35,148000.0000,2,8,40500.0000
3117,2024-04-05,iXS_RUC_NPA_1T,6290,469,95,211000.0000,261,62,218250.0000,166,27,138500.0000,160,32,166500.0000,14,5,12750.0000
3119,2024-04-08,iXS_CCR_SMSA,5456,53,17,159500.0000,58,24,189750.0000,37,19,112000.0000,19,7,58000.0000,0,1,2000.0000
3120,2024-04-08,iXS_CCR_SMSB,8565,92,30,220250.0000,110,50,302250.0000,66,28,197000.0000,39,13,61250.0000,1,5,37000.0000
3121,2024-04-08,iXS_CCR_SMSC,22810,169,37,201500.0000,77,29,158000.0000,43,9,43750.0000,30,5,39000.0000,0,0,0.0000
3131,2024-04-15,iXS_PMS,4997,55,19,124250.0000,38,17,118000.0000,23,6,59000.0000,18,9,42750.0000,4,0,0.0000
3132,2024-04-16,iXS_RUC_1T,19610,215,58,235250.0000,221,107,567500.0000,119,45,298500.0000,99,29,223250.0000,12,7,25000.0000
3133,2024-04-16,iXS_PMS,5000,29,9,101750.0000,30,18,189750.0000,19,10,88250.0000,9,7,73500.0000,3,0,0.0000
3134,2024-04-17,iXS_PCDPM_2T,9750,67,15,112250.0000,86,35,323250.0000,71,22,116500.0000,39,11,62500.0000,4,2,12000.0000
3141,2024-04-19,iXS_PCDPM_1T,5057,21,6,31000.0000,100,45,248500.0000,58,21,70250.0000,55,22,83750.0000,5,6,38250.0000
3142,2024-04-22,iXS_RUC_NPA_CPay,14149,58,6,19750.0000,60,18,53500.0000,30,4,17000.0000,31,7,15750.0000,0,2,9750.0000
3143,2024-04-22,iXS_PCD_NPA_CPay,14149,53,3,13500.0000,56,16,35000.0000,33,5,13500.0000,30,5,20250.0000,0,1,1000.0000
3144,2024-04-26,iXS_PCD_Auto,9898,7,1,15000.0000,54,21,116000.0000,38,17,76500.0000,22,10,72000.0000,2,4,27000.0000
3150,2024-05-06,iXS_Terminados_NPA_1T,142813,966,195,1014000.0000,630,147,794250.0000,272,73,483750.0000,184,35,210750.0000,2,6,44250.0000
3151,2024-05-07,iXS_PCDPM_1T,14840,519,183,1101000.0000,189,109,630650.0000,163,71,414200.0000,103,48,186750.0000,5,8,72500.0000
3157,2024-05-08,iXS_PCDPM_2T,6849,117,40,303950.0000,75,34,262000.0000,67,20,204000.0000,22,8,53750.0000,3,2,5500.0000
3158,2024-05-08,iXS_PCD_Inativos_1T,9478,76,26,170250.0000,42,23,97250.0000,38,14,39750.0000,26,15,85750.0000,0,2,7750.0000
3164,2024-05-13,iXS_CCR_SMSA,3510,25,7,59500.0000,32,14,61000.0000,16,11,59250.0000,9,2,8000.0000,0,0,0.0000
3165,2024-05-13,iXS_CCR_SMSB,6141,56,17,99500.0000,79,34,276250.0000,38,17,63500.0000,22,9,79750.0000,1,0,0.0000
3166,2024-05-13,iXS_CCR_SMSC,13177,91,15,55750.0000,115,28,102750.0000,41,13,45000.0000,29,4,12750.0000,1,1,5000.0000
3167,2024-05-13,iXS_RUC_1T,15576,243,74,331000.0000,118,50,224750.0000,98,29,250500.0000,49,19,156750.0000,1,1,15250.0000
3169,2024-05-14,iXS_PMS,5350,58,19,118750.0000,45,14,71250.0000,19,9,41750.0000,9,1,5000.0000,0,0,0.0000
3170,2024-05-15,iXS_PCDPMHabit,9487,109,42,278500.0000,64,57,437500.0000,51,25,186500.0000,31,14,126000.0000,1,0,0.0000
3171,2024-05-16,iXS_RUC_NPA_1T,3000,15,3,11500.0000,5,5,13000.0000,6,0,0.0000,0,0,0.0000,0,0,0.0000
3172,2024-05-16,iXS_PCD_NPA_1T,2964,67,3,15000.0000,26,3,16750.0000,34,5,9000.0000,15,1,1000.0000,0,0,0.0000
3173,2024-05-17,iXS_PMS,3330,17,2,12250.0000,10,4,42250.0000,10,0,0.0000,2,1,16000.0000,0,0,0.0000
3174,2024-05-22,iXS_PCD_NPA_CPay,9109,902,104,483750.0000,503,188,698750.0000,575,119,458750.0000,418,91,329800.0000,13,21,137750.0000
3175,2024-05-22,iXS_RUC_NPA_CPay,319,39,4,7500.0000,10,6,6500.0000,18,2,10000.0000,12,1,3000.0000,1,1,7000.0000
3176,2024-05-23,iXS_RUC_2T,5586,33,4,10000.0000,21,7,49000.0000,7,1,2750.0000,11,3,10250.0000,1,1,12000.0000
3177,2024-05-27,iXS_PCD_Auto,5490,11,1,3000.0000,31,15,49000.0000,23,8,89750.0000,11,4,13750.0000,1,2,10500.0000
3178,2024-05-29,iXS_RUC_PlafondMinimo,1105,2,0,0.0000,11,5,7250.0000,3,2,10000.0000,8,1,5000.0000,0,0,0.0000
3184,2024-06-03,iXS_PCDPM_1T,10002,103,24,153000.0000,119,63,368250.0000,51,25,107500.0000,25,14,69000.0000,3,0,0.0000
3194,2024-06-03,iXS_CCR_SMSA,3347,25,6,40250.0000,48,10,76250.0000,24,11,106250.0000,25,2,8500.0000,0,1,45750.0000
3195,2024-06-03,iXS_CCR_SMSB,4977,53,18,108500.0000,64,28,212000.0000,36,13,94750.0000,29,11,94500.0000,0,1,2000.0000
3196,2024-06-03,iXS_CCR_SMSC,22208,141,29,146750.0000,87,35,208000.0000,35,9,32000.0000,28,6,28000.0000,1,0,0.0000
3208,2024-07-01,iXS_PCDPM_1T,18518,377,141,976000.0000,184,105,693200.0000,93,37,181500.0000,46,9,52500.0000,2,0,0.0000
3209,2024-07-05,iXS_Terminados_NPA_1T,120704,773,118,771000.0000,443,131,972750.0000,114,23,144000.0000,106,15,95250.0000,4,4,21500.0000
3210,2024-07-05,iXS_PMS,4891,55,22,121000.0000,42,20,117750.0000,11,11,59500.0000,6,1,5000.0000,1,0,0.0000
3211,2024-07-08,iXS_RUC_PlafondMinimo,116,1,1,40000.0000,0,0,0.0000,0,0,0.0000,0,0,0.0000,0,0,0.0000
3214,2024-07-08,iXS_RUC_NPA_1T,358,30,7,31750.0000,15,6,11750.0000,14,0,0.0000,13,1,5000.0000,1,0,0.0000
3221,2024-07-09,iXS_CCR_SMSA,2704,35,10,78500.0000,45,14,139000.0000,19,8,18750.0000,10,2,6500.0000,2,0,0.0000
3222,2024-07-09,iXS_CCR_SMSB,4543,67,15,66750.0000,52,28,183000.0000,37,19,96500.0000,15,8,63500.0000,1,0,0.0000
3223,2024-07-09,iXS_CCR_SMSC,13231,153,21,107750.0000,128,40,189250.0000,68,18,138000.0000,56,9,82000.0000,0,0,0.0000
3224,2024-07-09,iXS_RUC_1T,13951,171,50,216300.0000,112,58,304000.0000,40,19,106500.0000,23,5,25250.0000,2,0,0.0000
3225,2024-07-10,iXS_PMS,4952,30,10,106500.0000,26,12,113750.0000,6,3,9000.0000,0,3,56750.0000,0,0,0.0000
3226,2024-07-11,iXS_PCDPM_2T,9489,113,26,244500.0000,98,33,219000.0000,62,22,110000.0000,32,6,61000.0000,2,0,0.0000
3227,2024-07-11,iXS_PCD_NPA_1T,2761,298,42,210500.0000,135,64,264000.0000,98,26,123500.0000,66,10,35000.0000,3,0,0.0000
3228,2024-07-17,iXS_PCDPM_1T,3299,37,10,111500.0000,28,12,68500.0000,7,4,22500.0000,3,2,15500.0000,1,0,0.0000
3229,2024-07-18,iXS_PCD_Inativos_1T,9446,53,6,32250.0000,39,22,156000.0000,37,22,177250.0000,9,4,34000.0000,0,0,0.0000
3230,2024-07-19,iXS_PCD_NPA_CPay,6027,41,3,10500.0000,36,17,86250.0000,17,4,12500.0000,16,2,2000.0000,0,0,0.0000
3231,2024-07-19,iXS_RUC_NPA_CPay,66,0,0,0.0000,1,0,0.0000,1,0,0.0000,0,0,0.0000,0,0,0.0000
3234,2024-07-15,iXS_PCD_Auto,1593,7,2,10000.0000,3,2,25250.0000,2,1,5000.0000,1,1,15500.0000,0,0,0.0000
3235,2024-07-15,iXS_PCD_Auto,4365,11,1,7000.0000,21,9,64250.0000,14,8,52000.0000,3,1,1750.0000,0,0,0.0000
3236,2024-07-17,iXS_PCD_Auto,7449,44,11,122000.0000,60,22,135250.0000,18,14,102750.0000,6,2,4500.0000,2,0,0.0000
3238,2024-07-18,iXS_PCDPMHabit,9337,59,14,89500.0000,71,34,232500.0000,25,14,138750.0000,11,6,21000.0000,0,0,0.0000
3240,2024-07-29,iXS_RUC_2T,6487,29,3,8250.0000,41,20,139750.0000,29,9,36500.0000,11,3,35000.0000,3,0,0.0000
3243,2024-08-05,iXS_RUC_1T,12837,225,38,167000.0000,129,83,448500.0000,54,17,85500.0000,23,4,36000.0000,1,1,9750.0000
3244,2024-08-06,iXS_PCDPM_1T,17536,519,163,1099650.0000,275,182,1171250.0000,119,38,274750.0000,70,20,92750.0000,6,0,0.0000
3247,2024-08-07,iXS_CCR_SMSA,8360,94,20,196000.0000,89,48,383000.0000,57,25,175000.0000,29,9,79000.0000,1,2,28000.0000
3248,2024-08-07,iXS_CCR_SMSB,11136,120,29,245000.0000,107,45,255000.0000,65,36,273000.0000,33,14,90750.0000,0,2,12500.0000
3249,2024-08-07,iXS_CCR_SMSC,21052,139,29,137500.0000,68,30,220250.0000,62,18,132000.0000,42,5,30000.0000,1,1,9000.0000
3250,2024-08-07,iXS_PMS,1935,21,7,94000.0000,12,6,35500.0000,8,0,0.0000,6,0,0.0000,0,0,0.0000
3251,2024-08-07,iXS_PMS,4193,77,27,133500.0000,32,12,45750.0000,12,9,29250.0000,8,2,23500.0000,1,1,20000.0000
3253,2024-08-08,iXS_PCDPM_2T,6921,94,21,152000.0000,77,28,202750.0000,59,15,93500.0000,9,1,25250.0000,2,1,1500.0000
3257,2024-08-12,iXS_PCD_NPA_1T,5709,691,146,605750.0000,393,150,518250.0000,247,50,189500.0000,203,27,80000.0000,4,5,56500.0000
3258,2024-08-12,iXS_RUC_NPA_1T,152,11,2,13000.0000,10,6,25000.0000,2,0,0.0000,3,0,0.0000,0,0,0.0000
3259,2024-08-14,iXS_PCDPMHabit,4901,81,21,161000.0000,60,38,218750.0000,27,10,95000.0000,10,2,15000.0000,1,1,5000.0000
3260,2024-08-20,iXS_Terminados_NPA_1T,135864,538,60,403000.0000,593,179,1381000.0000,77,16,127750.0000,70,8,34250.0000,0,1,2000.0000
3261,2024-08-21,iXS_PCDPM_1T,3485,23,6,85000.0000,39,13,103000.0000,12,6,61000.0000,1,0,0.0000,0,1,9000.0000
3262,2024-08-21,iXS_PCD_Auto,5761,29,6,47500.0000,43,25,228500.0000,28,12,129500.0000,6,2,8000.0000,0,1,3000.0000
3263,2024-08-22,iXS_PCD_NPA_CPay,7345,3,0,0.0000,4,0,0.0000,2,0,0.0000,0,0,0.0000,0,0,0.0000
3264,2024-08-22,iXS_PCD_NPA_CPay,7345,0,0,0.0000,0,0,0.0000,0,0,0.0000,0,0,0.0000,0,0,0.0000
3267,2024-08-22,iXS_PCD_NPA_CPay,7345,12,1,5000.0000,29,9,30750.0000,16,1,5000.0000,12,0,0.0000,0,0,0.0000
3268,2024-08-26,iXS_PCD_Inativos_1T,9057,39,2,10000.0000,56,27,149500.0000,37,19,99250.0000,14,4,19500.0000,0,0,0.0000
3269,2024-08-28,iXS_RUC_2T,4646,26,0,0.0000,31,18,76500.0000,34,6,51500.0000,8,1,10000.0000,2,1,8000.0000
3270,2024-08-28,iXS_RUC_PlafondMinimo,264,1,0,0.0000,6,3,6500.0000,1,1,3000.0000,0,0,0.0000,0,0,0.0000
3271,2024-09-03,iXS_PMS,4860,74,25,147500.0000,31,13,127250.0000,16,5,47000.0000,4,2,5500.0000,0,1,9250.0000
3272,2024-09-04,iXS_PMS,3944,19,5,52500.0000,22,10,115250.0000,10,1,11000.0000,3,1,1000.0000,0,0,0.0000
3273,2024-09-06,iXS_PMS,2549,27,5,16250.0000,20,13,92500.0000,3,0,0.0000,5,2,8000.0000,1,0,0.0000
3274,2024-09-05,iXS_PCD_Auto,6143,78,27,334750.0000,42,25,213000.0000,20,8,75750.0000,11,3,23000.0000,1,0,0.0000
3284,2024-09-09,iXS_CCR_SMSA,5724,61,19,153000.0000,62,27,169250.0000,37,17,146750.0000,10,2,12250.0000,1,0,0.0000
3285,2024-09-09,iXS_CCR_SMSB,4007,30,18,106250.0000,46,19,149000.0000,21,13,78500.0000,10,3,26750.0000,0,0,0.0000
3286,2024-09-09,iXS_CCR_SMSC,9400,41,13,78750.0000,11,5,58750.0000,6,2,36000.0000,7,2,14500.0000,0,0,0.0000
3288,2024-09-09,iXS_PCDPM_1T,15681,205,73,460500.0000,104,44,337000.0000,59,27,196000.0000,29,11,93000.0000,9,2,8250.0000
3291,2024-09-10,iXS_PCD_NPA_1T,2750,224,80,407000.0000,103,35,262750.0000,55,18,185000.0000,33,7,23750.0000,1,1,1000.0000
3292,2024-09-10,iXS_RUC_NPA_1T,571,67,18,37250.0000,38,6,7250.0000,21,3,26500.0000,7,2,6750.0000,0,0,0.0000
3294,2024-09-11,iXS_RUC_1T,12352,244,74,310750.0000,143,70,444500.0000,89,28,176750.0000,48,12,53750.0000,8,2,4500.0000
3295,2024-09-11,iXS_PCDPM_1T,646,13,7,45000.0000,13,2,32500.0000,6,0,0.0000,6,1,1500.0000,2,1,5000.0000
3296,2024-09-11,iXS_PCDPM_1T,645,24,14,83000.0000,15,7,44250.0000,6,1,14750.0000,1,0,0.0000,0,0,0.0000
3297,2024-09-11,iXS_PCDPM_1T,776,48,27,167500.0000,13,6,15000.0000,11,4,23500.0000,3,0,0.0000,1,0,0.0000
3298,2024-09-12,iXS_PCD_NPA_CPay,6798,38,8,40000.0000,46,15,75250.0000,39,11,45250.0000,20,2,5500.0000,0,1,1000.0000
3299,2024-09-12,iXS_PCDPM_Parcerias,4228,23,3,14500.0000,28,16,133000.0000,13,3,10750.0000,13,3,9750.0000,2,0,0.0000
3300,2024-09-16,iXS_Terminados_NPA_1T,136215,641,96,729000.0000,563,166,1018750.0000,85,20,120750.0000,67,8,58750.0000,3,1,750.0000
3305,2024-09-18,iXS_PCDPM_2T,9258,54,8,56500.0000,70,20,106500.0000,43,10,82500.0000,16,0,0.0000,4,1,10000.0000
3306,2024-09-18,iXS_RUC_2T,5043,48,10,30000.0000,36,11,130000.0000,20,4,41000.0000,7,3,16250.0000,1,0,0.0000
3307,2024-09-19,iXS_PCD_Inativos_1T,8979,36,4,23000.0000,37,13,106000.0000,23,11,104500.0000,10,4,49000.0000,0,1,5500.0000
3308,2024-09-24,iXS_PCDPMHabit,5360,29,6,42000.0000,27,20,161500.0000,26,10,53150.0000,10,2,8000.0000,0,1,13500.0000
3309,2024-09-25,iXS_PCDPM_1T,3623,15,5,53750.0000,33,16,102250.0000,11,3,15500.0000,9,3,10500.0000,0,0,0.0000
3310,2024-09-25,iXS_RUC_PlafondMinimo,263,1,0,0.0000,1,0,0.0000,0,0,0.0000,0,0,0.0000,0,0,0.0000
3311,2024-10-02,iXS_PCD_NPA_1T,4049,365,137,619500.0000,149,44,219000.0000,71,11,61250.0000,77,13,78750.0000,5,2,19000.0000
3312,2024-10-02,iXS_RUC_NPA_1T,737,109,30,67000.0000,47,6,48500.0000,33,6,108500.0000,23,2,2750.0000,1,0,0.0000
3313,2024-10-03,iXS_PCDPM_1T,14657,323,127,812500.0000,151,70,469000.0000,94,33,307750.0000,82,34,216000.0000,4,5,23250.0000
3315,2024-10-08,iXS_RUC_1T,10046,184,51,285500.0000,114,43,263250.0000,52,21,113500.0000,32,7,48250.0000,2,0,0.0000
3316,2024-10-08,iXS_PMS,2875,43,18,89500.0000,12,8,51000.0000,9,3,34000.0000,5,0,0.0000,0,0,0.0000
3317,2024-10-08,iXS_PMS,1854,28,8,27250.0000,13,5,22250.0000,5,2,11500.0000,5,0,0.0000,1,0,0.0000
3318,2024-10-09,iXS_PCD_Inativos_1T,9065,68,16,74500.0000,47,16,84250.0000,21,9,43750.0000,20,9,53000.0000,0,2,21000.0000
3324,2024-10-14,iXS_CCR_SMSA,1186,15,5,70250.0000,12,4,20500.0000,6,2,55000.0000,5,0,0.0000,1,0,0.0000
3325,2024-10-14,iXS_CCR_SMSB,864,9,3,31000.0000,11,2,15000.0000,4,2,32000.0000,5,2,10500.0000,0,0,0.0000
3326,2024-10-14,iXS_CCR_SMSC,1492,16,6,11750.0000,14,2,12500.0000,11,2,5750.0000,4,0,0.0000,0,0,0.0000
3327,2024-10-14,iXS_CCR_SMSA,435,6,0,0.0000,5,0,0.0000,2,1,3000.0000,2,0,0.0000,0,0,0.0000
3328,2024-10-14,iXS_CCR_SMSB,311,3,0,0.0000,2,2,18250.0000,1,1,10000.0000,1,0,0.0000,0,0,0.0000
3329,2024-10-14,iXS_CCR_SMSC,579,6,0,0.0000,4,1,28000.0000,2,0,0.0000,3,0,0.0000,0,0,0.0000
3330,2024-10-14,iXS_Terminados_NPA_1T,121562,618,96,744000.0000,250,85,696250.0000,47,10,68500.0000,48,7,36000.0000,2,2,10000.0000
3334,2024-10-16,iXS_PCDPM_1T,3557,18,2,29000.0000,21,12,122250.0000,14,6,49000.0000,4,3,16750.0000,0,0,0.0000
3335,2024-10-16,iXS_PMS,2433,18,9,122500.0000,10,2,13750.0000,4,2,18000.0000,5,1,2500.0000,0,0,0.0000
3336,2024-10-17,iXS_PCDPMHabit,3412,34,11,85000.0000,20,12,106750.0000,12,8,60000.0000,7,2,10500.0000,0,0,0.0000
3337,2024-10-17,iXS_PCDPM_Parcerias,3317,16,5,79000.0000,19,5,44500.0000,12,4,17000.0000,11,3,11750.0000,0,0,0.0000
3338,2024-10-22,iXS_PCD_NPA_CPay,16852,24,0,0.0000,83,13,51750.0000,31,3,5500.0000,30,6,23250.0000,0,0,0.0000
3339,2024-10-22,iXS_RUC_NPA_CPay,6152,25,3,13500.0000,34,7,11500.0000,10,0,0.0000,18,2,23500.0000,1,0,0.0000
3340,2024-10-22,iXS_PCDPM_1T,849,8,3,23000.0000,29,10,55500.0000,7,1,500.0000,10,4,31750.0000,0,0,0.0000
3341,2024-10-22,iXS_PCDPM_1T,846,33,13,75750.0000,26,17,117250.0000,8,3,5000.0000,7,0,0.0000,1,0,0.0000
3342,2024-10-22,iXS_PCDPM_1T,970,30,8,49750.0000,36,17,126500.0000,13,3,15750.0000,8,0,0.0000,0,0,0.0000
3343,2024-10-23,iXS_PCD_Auto,4933,1,0,0.0000,42,15,129500.0000,24,10,61250.0000,21,11,106750.0000,0,0,0.0000
3344,2024-10-28,iXS_PCDPM_2T,9010,12,1,5000.0000,85,24,206250.0000,39,7,43750.0000,27,5,49000.0000,1,0,0.0000
3345,2024-10-31,iXS_RUC_2T,2208,8,1,3750.0000,15,3,21500.0000,15,3,12000.0000,6,0,0.0000,1,1,5000.0000
3346,2024-11-05,iXS_PCDPM_1T,5583,67,21,144000.0000,24,11,116500.0000,11,6,59500.0000,10,1,5000.0000,0,0,0.0000
3347,2024-11-05,iXS_PCDPM_1T,13446,169,65,449900.0000,65,31,248500.0000,35,17,95500.0000,21,7,22000.0000,4,0,0.0000
3348,2024-10-29,iXS_RUC_PlafondMinimo,2617,1,0,0.0000,20,4,28250.0000,3,0,0.0000,7,3,5750.0000,0,0,0.0000
3349,2024-11-07,iXS_PMS,2375,19,6,52750.0000,9,5,81250.0000,1,0,0.0000,1,0,0.0000,0,0,0.0000
3350,2024-11-11,iXS_Terminados_NPA_1T,136844,707,93,747250.0000,75,44,336500.0000,65,10,43250.0000,54,2,17000.0000,4,2,23500.0000
3352,2024-11-12,iXS_CCR_SMSA,2627,25,7,44000.0000,11,5,42000.0000,4,0,0.0000,4,1,5000.0000,1,0,0.0000
3354,2024-11-12,iXS_CCR_SMSC,4843,36,2,27750.0000,5,5,41250.0000,2,0,0.0000,1,0,0.0000,0,0,0.0000
3355,2024-11-12,iXS_CCR_SMSA,2157,11,5,36000.0000,8,2,11250.0000,0,1,15000.0000,2,0,0.0000,0,0,0.0000
3356,2024-11-12,iXS_CCR_SMSB,1503,12,3,19750.0000,11,7,41000.0000,5,1,7000.0000,2,0,0.0000,0,0,0.0000
3357,2024-11-12,iXS_CCR_SMSC,4225,24,7,30500.0000,4,2,16000.0000,1,0,0.0000,1,0,0.0000,0,0,0.0000
3360,2024-11-12,iXS_PCD_NPA_1T,6778,442,114,568500.0000,248,106,603250.0000,161,41,195750.0000,136,19,121750.0000,7,1,5000.0000
3361,2024-11-12,iXS_RUC_NPA_1T,867,92,11,64250.0000,37,5,16750.0000,31,6,50000.0000,16,3,10000.0000,0,1,25000.0000
3362,2024-11-13,iXS_RUC_1T,10121,109,19,69000.0000,48,23,121750.0000,27,10,94000.0000,17,2,6750.0000,1,0,0.0000
3364,2024-11-05,iXS_PCDPM_1T,293,3,1,5000.0000,2,1,5000.0000,2,1,2250.0000,0,0,0.0000,0,0,0.0000
3365,2024-11-05,iXS_PCDPM_1T,295,8,3,14500.0000,3,2,7000.0000,3,2,7000.0000,3,0,0.0000,1,0,0.0000
3366,2024-11-05,iXS_PCDPM_1T,400,5,5,29000.0000,6,4,29250.0000,2,0,0.0000,3,0,0.0000,0,0,0.0000
3367,2024-11-13,iXS_PMS,2810,33,10,34280.0000,12,4,17750.0000,11,5,27750.0000,0,0,0.0000,0,0,0.0000
3368,2024-11-13,iXS_PMS,1582,13,3,12000.0000,4,1,2000.0000,4,1,5000.0000,0,0,0.0000,0,0,0.0000
3369,2024-11-13,iXS_PMS,425,13,7,23250.0000,6,5,43500.0000,5,2,9000.0000,3,1,5000.0000,0,0,0.0000
3370,2024-11-19,iXS_PCDPM_2T,8958,52,10,61500.0000,61,21,213500.0000,31,9,49000.0000,15,2,36500.0000,1,1,5500.0000
3371,2024-11-19,iXS_RUC_2T,2526,22,4,27000.0000,17,4,26750.0000,16,8,91750.0000,8,3,20000.0000,0,0,0.0000
3372,2024-11-20,iXS_PCD_Auto,3971,13,3,30750.0000,28,7,79500.0000,21,10,99000.0000,7,0,0.0000,0,0,0.0000
3373,2024-11-20,iXS_PCDPMHabit,3393,15,6,48000.0000,21,11,83500.0000,11,2,16500.0000,8,2,11000.0000,0,0,0.0000
3375,2024-11-21,iXS_PCD_Inativos_1T,9524,28,2,20000.0000,31,16,79000.0000,27,10,77500.0000,7,4,35000.0000,0,0,0.0000
3380,2024-11-12,iXS_CCR_SMSB,1887,10,1,8750.0000,5,3,15000.0000,5,2,14750.0000,7,2,20750.0000,0,0,0.0000
3381,2024-11-26,iXS_PCD_NPA_CPay,2103,22,2,2750.0000,17,3,15000.0000,20,1,3000.0000,8,1,4750.0000,0,0,0.0000
3382,2024-11-26,iXS_RUC_NPA_CPay,6379,18,1,7750.0000,6,1,5000.0000,7,0,0.0000,3,1,16500.0000,0,0,0.0000
3383,2024-11-26,iXS_RUC_PlafondMinimo,2620,8,0,0.0000,15,5,9000.0000,7,5,24000.0000,2,0,0.0000,0,0,0.0000
3384,2024-12-03,iXS_Terminados_NPA_1T,138546,828,163,1221250.0000,412,123,1054000.0000,99,15,76750.0000,103,15,46250.0000,13,4,28000.0000
3385,2024-12-04,iXS_PCD_NPA_1T,4621,355,113,561000.0000,185,46,313500.0000,161,43,171000.0000,145,33,241750.0000,7,7,38500.0000
3386,2024-12-04,iXS_RUC_NPA_1T,663,62,13,44000.0000,58,5,17500.0000,31,5,11750.0000,23,4,54250.0000,2,3,45500.0000
3389,2024-12-09,iXS_RUC_1T,10827,144,41,196250.0000,84,37,212000.0000,37,15,161250.0000,18,0,0.0000,2,0,0.0000
3390,2024-12-10,iXS_PMS,2808,43,16,81000.0000,16,9,59500.0000,6,4,9000.0000,6,0,0.0000,1,0,0.0000
3391,2024-12-10,iXS_PMS,2364,22,9,96500.0000,13,6,64750.0000,8,4,43750.0000,1,0,0.0000,3,2,24000.0000
3392,2024-12-10,iXS_PMS,1087,15,4,19000.0000,4,3,11000.0000,3,0,0.0000,2,0,0.0000,0,0,0.0000
3393,2024-12-10,iXS_PMS,377,26,14,82250.0000,6,0,0.0000,3,1,5000.0000,0,1,3000.0000,1,0,0.0000
3395,2024-12-11,iXS_CCR_SMSA,8600,81,19,183500.0000,114,27,238000.0000,65,21,162750.0000,59,12,117500.0000,4,1,12500.0000
3396,2024-12-11,iXS_CCR_SMSB,6286,71,16,118750.0000,71,32,190750.0000,45,19,143500.0000,28,7,28500.0000,1,1,8000.0000
3398,2024-12-11,iXS_PCDPM_1T,8783,118,39,248250.0000,81,38,224000.0000,44,16,115750.0000,23,6,59500.0000,5,2,2250.0000
3401,2024-12-16,iXS_PCD_Inativos_1T,9507,44,18,125750.0000,50,26,137500.0000,33,7,40250.0000,13,4,21000.0000,1,0,0.0000
3402,2024-12-16,iXS_PCD_NPA_CPay,3037,70,4,11250.0000,62,14,88500.0000,24,1,50000.0000,23,1,1000.0000,0,0,0.0000
3403,2024-12-16,iXS_RUC_NPA_CPay,4377,37,6,21500.0000,29,4,9500.0000,24,7,59500.0000,8,0,0.0000,0,0,0.0000
3404,2024-12-17,iXS_RUC_2T,2131,16,4,38500.0000,16,4,13000.0000,15,3,6000.0000,2,0,0.0000,1,1,3500.0000
3405,2024-12-17,iXS_PCDPM_2T,8813,40,6,47500.0000,78,30,307500.0000,34,7,57750.0000,16,1,9000.0000,1,0,0.0000
3406,2024-12-17,iXS_PCDPM_Parcerias,4151,13,2,35000.0000,15,8,56000.0000,8,0,0.0000,4,0,0.0000,0,0,0.0000
3408,2024-12-18,iXS_PCDPMHabit,4311,24,9,72500.0000,57,25,219500.0000,24,15,93500.0000,9,7,67000.0000,0,0,0.0000
3409,2024-12-18,iXS_PCD_Auto,2949,13,5,37000.0000,24,7,67000.0000,13,5,36000.0000,8,4,22250.0000,0,1,5000.0000
3410,2024-12-19,iXS_PCDPM_1T,13935,21,6,46500.0000,24,16,131500.0000,9,5,45750.0000,6,0,0.0000,0,0,0.0000
3411,2024-12-30,iXS_RUC_PlafondMinimo,3153,14,1,2000.0000,22,7,26500.0000,12,4,71250.0000,9,2,5500.0000,1,0,0.0000
3412,2025-01-06,iXS_PCD_NPA_1T,5396,461,142,719000.0000,18,15,65500.0000,0,0,0.0000,0,0,0.0000,0,0,0.0000
3413,2025-01-06,iXS_RUC_NPA_1T,1501,125,27,77750.0000,19,7,34000.0000,13,1,1500.0000,4,1,4000.0000,1,0,0.0000
3414,2025-01-06,iXS_PCDPM_1T,8200,229,101,737750.0000,112,60,453500.0000,49,21,171000.0000,30,8,54000.0000,2,3,26500.0000
3418,2025-01-08,iXS_RUC_1T,10000,178,67,414750.0000,138,63,376500.0000,89,36,217250.0000,30,9,39000.0000,3,0,0.0000
3419,2025-01-08,iXS_PCDPM_1T,13130,34,10,54750.0000,31,16,144750.0000,24,10,101500.0000,5,4,84000.0000,0,0,0.0000
3420,2025-01-08,iXS_PMS,2204,28,14,144750.0000,21,11,82750.0000,9,7,55500.0000,3,3,28500.0000,0,0,0.0000
3421,2025-01-08,iXS_PMS,2747,42,10,75500.0000,32,17,127750.0000,11,5,20000.0000,6,1,7500.0000,0,0,0.0000
3423,2025-01-08,iXS_PMS,467,22,13,64750.0000,8,7,32750.0000,5,3,5500.0000,2,0,0.0000,0,0,0.0000
3424,2025-01-08,iXS_PMS,1046,13,3,7500.0000,5,3,25250.0000,1,0,0.0000,3,0,0.0000,0,0,0.0000
3438,2025-01-13,iXS_Terminados_NPA_1T,128755,743,143,1169750.0000,383,123,1032750.0000,89,26,215500.0000,70,15,92750.0000,11,4,20250.0000
3439,2025-01-14,iXS_PCDPM_2T,8870,73,18,129500.0000,82,29,298500.0000,59,22,273000.0000,14,4,35000.0000,1,1,3500.0000
3440,2025-01-14,iXS_CCR_SMSB,8968,95,33,262250.0000,91,42,351000.0000,65,23,159500.0000,19,8,37000.0000,1,1,8000.0000
3441,2025-01-15,iXS_CCR_SMSA,1235,3,0,0.0000,9,3,15750.0000,7,1,10500.0000,0,0,0.0000,0,0,0.0000
3443,2025-01-15,iXS_RUC_2T,2126,21,2,10000.0000,23,4,16000.0000,11,2,30000.0000,6,1,2000.0000,0,0,0.0000
3444,2025-01-15,iXS_PCDPMHabit,3594,50,21,163000.0000,44,25,148000.0000,40,17,174250.0000,21,6,20000.0000,0,1,4750.0000
3445,2025-01-15,iXS_CCR_SMSC,2419,26,0,0.0000,34,7,96250.0000,24,4,60500.0000,8,1,3500.0000,0,1,5000.0000
3446,2025-01-15,iXS_CCR_SMSD,588,5,0,0.0000,2,2,37500.0000,0,0,0.0000,0,0,0.0000,0,0,0.0000
3449,2025-01-22,iXS_PCD_Inativos_1T,6656,27,8,49500.0000,47,18,99250.0000,23,15,93250.0000,12,8,62500.0000,0,0,0.0000
3450,2025-01-23,iXS_PCD_Auto,1995,18,4,32000.0000,29,19,183000.0000,16,13,162500.0000,7,2,28000.0000,0,1,10000.0000
3451,2025-01-23,iXS_PCDPM_Parcerias,3856,16,1,6000.0000,20,4,35000.0000,17,6,55500.0000,4,2,13000.0000,0,1,8000.0000
3454,2025-01-23,iXS_PCD_NPA_CPay,8711,53,6,24750.0000,48,11,28750.0000,46,10,30750.0000,33,8,54000.0000,0,2,11500.0000
3455,2025-01-23,iXS_RUC_NPA_CPay,23599,66,2,10500.0000,91,13,97250.0000,164,23,185000.0000,135,13,56250.0000,9,3,20500.0000
3458,2025-01-27,iXS_RUC_PlafondMinimo,4304,157,12,19500.0000,94,30,97000.0000,72,13,85500.0000,76,7,34750.0000,0,0,0.0000
3462,2025-02-03,iXS_PCD_NPA_1T,5392,273,94,483000.0000,278,95,554500.0000,223,59,294250.0000,119,21,79500.0000,7,3,7250.0000
3463,2025-02-03,iXS_PCD_NPA_2T,583,35,7,19500.0000,21,1,2500.0000,17,3,9250.0000,9,0,0.0000,0,0,0.0000
3464,2025-02-03,iXS_RUC_NPA_1T,779,60,14,52000.0000,39,7,9500.0000,36,11,82000.0000,22,1,25000.0000,0,0,0.0000
3465,2025-02-03,iXS_RUC_NPA_2T,143,11,2,3000.0000,8,1,500.0000,5,0,0.0000,1,0,0.0000,0,0,0.0000
3466,2025-02-04,iXS_RUC_1T,12536,74,23,132750.0000,80,42,240000.0000,43,17,102750.0000,14,2,21500.0000,3,0,0.0000
3468,2025-02-04,iXS_PMS,2361,11,3,22500.0000,8,1,7500.0000,5,3,25000.0000,0,0,0.0000,0,0,0.0000
3469,2025-02-04,iXS_PMS,2799,23,7,27000.0000,28,6,34250.0000,12,7,43500.0000,7,0,0.0000,0,1,5000.0000
3471,2025-02-04,iXS_PMS,841,2,0,0.0000,1,0,0.0000,1,0,0.0000,1,0,0.0000,0,0,0.0000
3472,2025-02-04,iXS_PMS,953,28,11,57000.0000,8,5,45750.0000,3,1,500.0000,3,1,4250.0000,0,0,0.0000
3473,2025-02-04,iXS_PMS,393,6,4,32000.0000,0,1,5000.0000,2,0,0.0000,0,0,0.0000,0,0,0.0000
3474,2025-02-04,iXS_PMS,195,3,1,3000.0000,7,2,20000.0000,3,0,0.0000,0,2,8000.0000,0,0,0.0000
3486,2025-02-06,iXS_CCR_SMSA,107,0,0,0.0000,0,0,0.0000,0,0,0.0000,0,0,0.0000,0,0,0.0000
3487,2025-02-06,iXS_CCR_SMSB,3076,9,1,500.0000,27,6,45500.0000,5,2,17000.0000,0,0,0.0000,1,0,0.0000
3488,2025-02-06,iXS_CCR_SMSC,5404,3,1,19000.0000,11,4,25000.0000,12,3,31750.0000,0,2,15000.0000,1,0,0.0000
3489,2025-02-06,iXS_CCR_SMSD,3287,1,0,0.0000,1,0,0.0000,1,0,0.0000,2,0,0.0000,0,0,0.0000
3490,2025-02-06,iXS_PCDPM_1T,8564,38,13,114000.0000,37,24,198500.0000,31,15,91750.0000,4,2,13000.0000,0,0,0.0000
3491,2025-02-06,iXS_PCDPMTOP,11307,430,180,1224250.0000,296,136,1037500.0000,203,89,623750.0000,68,24,215750.0000,12,7,63000.0000
3493,2025-02-10,iXS_Terminados_NPA_1T,121787,754,146,1046750.0000,280,88,652000.0000,104,26,157250.0000,93,8,75250.0000,6,3,14000.0000
3494,2025-02-12,iXS_RUC_2T,1847,17,6,38000.0000,20,3,20000.0000,11,5,28250.0000,3,0,0.0000,2,0,0.0000
3495,2025-02-13,iXS_PCDPM_2T,9204,74,19,111250.0000,79,24,280000.0000,60,18,200500.0000,17,5,23000.0000,2,0,0.0000
3496,2025-02-17,iXS_PCDPMHabit,4239,11,4,29000.0000,15,9,106500.0000,8,2,10000.0000,5,0,0.0000,0,0,0.0000
3498,2025-02-18,iXS_PCD_Inativos_1T,8344,33,11,60000.0000,54,19,140250.0000,37,13,68250.0000,6,2,10500.0000,0,0,0.0000
3500,2025-02-19,iXS_RUC_NPA_CPay,4115,53,8,15750.0000,48,11,47000.0000,27,7,16500.0000,18,1,1000.0000,0,0,0.0000
3501,2025-02-19,iXS_PCD_NPA_CPay,13038,102,9,71500.0000,75,14,102750.0000,70,11,68000.0000,36,4,13000.0000,1,0,0.0000
3502,2025-02-19,iXS_PCDPM_Parcerias,3944,5,2,10000.0000,23,9,74750.0000,15,7,45000.0000,2,0,0.0000,0,0,0.0000
3503,2025-02-24,iXS_RUC_PlafondMinimo,3985,9,2,12000.0000,11,4,7000.0000,8,1,5000.0000,5,4,4250.0000,0,0,0.0000
3504,2025-02-24,iXS_PCD_Auto,2381,5,0,0.0000,11,5,56500.0000,7,5,47500.0000,0,0,0.0000,0,0,0.0000
3505,2025-03-05,iXS_RUC_1T,12655,145,38,208000.0000,87,42,277000.0000,55,18,176000.0000,16,3,8500.0000,2,1,10000.0000
3506,2025-03-05,iXS_PMS,2345,13,5,56500.0000,7,2,14000.0000,2,0,0.0000,4,1,1500.0000,0,1,8500.0000
3507,2025-03-05,iXS_PMS,2798,21,4,19000.0000,9,2,6750.0000,10,4,10000.0000,0,0,0.0000,0,0,0.0000
3508,2025-03-05,iXS_PMS,871,11,7,30000.0000,5,1,10000.0000,3,1,1500.0000,0,0,0.0000,0,0,0.0000
3509,2025-03-05,iXS_PMS,782,31,13,74000.0000,10,3,64000.0000,7,6,26250.0000,3,1,1000.0000,0,0,0.0000
3510,2025-03-05,iXS_PMS,314,2,1,9000.0000,1,0,0.0000,2,2,3750.0000,0,0,0.0000,0,0,0.0000
3511,2025-03-05,iXS_PMS,322,14,3,17500.0000,10,5,30000.0000,3,1,3000.0000,1,2,6500.0000,0,1,10000.0000
3516,2025-03-10,iXS_Terminados_NPA_1T,128787,842,156,1132500.0000,468,165,1283000.0000,77,13,114750.0000,67,4,24250.0000,6,2,9000.0000
3517,2025-03-11,iXS_RUC_1T,3343,44,17,54250.0000,25,14,85000.0000,22,10,50500.0000,21,7,52000.0000,0,3,18000.0000
3518,2025-03-11,iXS_RUC_2T,1263,15,5,26500.0000,9,1,10000.0000,8,4,29750.0000,4,0,0.0000,1,0,0.0000
3519,2025-03-11,iXS_RUC_2T,928,11,3,13000.0000,6,3,28000.0000,7,1,5000.0000,4,1,1250.0000,1,1,500.0000
3520,2025-03-11,iXS_RUC_NPA_1T,827,83,18,36500.0000,40,13,63750.0000,26,5,13000.0000,13,2,7000.0000,0,2,6750.0000
3521,2025-03-11,iXS_RUC_NPA_2T,104,7,0,0.0000,0,0,0.0000,6,0,0.0000,1,0,0.0000,0,0,0.0000
3522,2025-03-12,iXS_PCDPM_Parcerias,9999,48,15,144250.0000,34,16,108500.0000,31,10,85000.0000,11,3,16500.0000,0,1,5000.0000
3523,2025-03-12,iXS_PCD_Auto,818,5,1,750.0000,7,1,15000.0000,6,4,43500.0000,0,0,0.0000,0,0,0.0000
3524,2025-03-12,iXS_PCD_Auto,182,2,1,2500.0000,0,1,8500.0000,3,1,3000.0000,0,0,0.0000,0,0,0.0000
3525,2025-03-12,iXS_RUC_NPA_CPay,568,17,1,1500.0000,11,3,3750.0000,7,1,1500.0000,2,0,0.0000,0,0,0.0000
3526,2025-03-12,iXS_RUC_PlafondMinimo,4447,54,6,20000.0000,27,3,23750.0000,19,4,9000.0000,12,2,2500.0000,0,0,0.0000
3528,2025-03-17,iXS_PCDPMTOP,3262,67,22,173500.0000,80,30,246500.0000,62,32,253000.0000,57,19,125750.0000,7,2,6500.0000
3529,2025-03-17,iXS_PCDPM_1T,8432,43,19,110750.0000,47,21,160000.0000,37,17,94500.0000,3,1,5000.0000,0,0,0.0000
3530,2025-03-17,iXS_PCDPM_1T,1461,11,5,30250.0000,13,3,14000.0000,4,2,13000.0000,8,1,5000.0000,0,1,1000.0000
3531,2025-03-17,iXS_PCDPMTOP,11637,268,100,712000.0000,250,153,1146000.0000,104,49,377050.0000,55,8,44000.0000,5,4,38000.0000
3541,2025-03-18,iXS_PCD_Inativos_1T,6796,28,5,24250.0000,36,22,82000.0000,18,11,65500.0000,8,1,5000.0000,0,1,500.0000
3542,2025-03-18,iXS_PCD_Inativos_1T,2198,4,1,5000.0000,11,5,20500.0000,11,1,5000.0000,5,1,1500.0000,0,1,8000.0000
3543,2025-03-19,iXS_PCD_NPA_1T,5353,97,8,45750.0000,296,132,688500.0000,145,38,206000.0000,86,24,102500.0000,7,3,21000.0000
3544,2025-03-19,iXS_PCD_NPA_2T,385,10,1,8000.0000,11,3,11000.0000,5,0,0.0000,4,0,0.0000,0,0,0.0000
3545,2025-03-19,iXS_PCDPM_2T,9498,55,7,42750.0000,89,41,305750.0000,53,10,123500.0000,13,0,0.0000,2,1,5000.0000
3546,2025-03-19,iXS_PCDPM_2T,1298,13,0,0.0000,27,11,111000.0000,12,7,33500.0000,10,2,45000.0000,1,0,0.0000
3548,2025-03-20,iXS_CCR_SMSA,1140,0,0,0.0000,5,2,5500.0000,3,2,8500.0000,1,0,0.0000,0,0,0.0000
3549,2025-03-20,iXS_CCR_SMSB,11723,33,5,57750.0000,128,55,415500.0000,92,31,175750.0000,23,10,116250.0000,3,2,19000.0000
3550,2025-03-24,iXS_CCR_SMSC,2443,6,0,0.0000,19,3,14000.0000,17,1,1500.0000,5,0,0.0000,0,0,0.0000
3551,2025-03-24,iXS_CCR_SMSD,602,0,0,0.0000,3,1,10000.0000,0,0,0.0000,0,0,0.0000,0,0,0.0000
3552,2025-03-27,iXS_PCDPMHabit,4218,10,1,8000.0000,16,7,33500.0000,11,6,54250.0000,3,0,0.0000,2,1,10000.0000
3553,2025-03-27,iXS_PCDPMHabit,736,3,0,0.0000,7,3,13250.0000,5,3,14500.0000,1,1,10000.0000,0,0,0.0000
3554,2025-03-28,iXS_PCD_NPA_CPay,16645,52,2,9000.0000,105,24,101250.0000,76,11,76750.0000,29,7,43750.0000,0,0,0.0000
3556,2025-04-01,iXS_RUC_PlafondMinimo,2190,18,3,36000.0000,11,2,3750.0000,2,1,5000.0000,1,0,0.0000,0,0,0.0000
3574,2025-04-08,iXS_CCR_SMSA,788,5,2,8500.0000,2,1,500.0000,1,0,0.0000,0,0,0.0000,0,0,0.0000
3575,2025-04-08,iXS_CCR_SMSB,6099,59,18,163000.0000,40,18,201250.0000,36,22,157500.0000,17,10,89000.0000,2,2,25500.0000
3576,2025-04-09,iXS_RUC_NPA_1T,483,45,7,10000.0000,20,3,7500.0000,6,0,0.0000,7,0,0.0000,1,0,0.0000
3577,2025-04-09,iXS_RUC_NPA_2T,73,6,0,0.0000,4,2,33000.0000,1,0,0.0000,2,0,0.0000,0,0,0.0000
3580,2025-04-09,iXS_RUC_1T,6309,67,21,133500.0000,61,35,195000.0000,34,11,63500.0000,9,4,56750.0000,1,0,0.0000
3581,2025-04-09,iXS_RUC_1T,448,6,4,21750.0000,7,0,0.0000,5,1,500.0000,6,1,750.0000,0,1,8500.0000
3582,2025-04-09,iXS_RUC_2T,1612,13,2,33000.0000,15,6,69000.0000,2,1,15500.0000,1,0,0.0000,0,0,0.0000
3583,2025-04-09,iXS_RUC_2T,89,3,1,2000.0000,2,0,0.0000,2,0,0.0000,0,0,0.0000,0,0,0.0000
3584,2025-04-09,iXS_PMS,1756,14,4,50000.0000,8,5,43250.0000,2,2,41000.0000,1,0,0.0000,0,0,0.0000
3585,2025-04-09,iXS_PMS,2122,28,11,58000.0000,13,11,72250.0000,1,1,1000.0000,3,1,16000.0000,0,0,0.0000
3586,2025-04-09,iXS_PMS,365,3,2,6000.0000,4,1,4500.0000,1,0,0.0000,1,0,0.0000,0,0,0.0000
3587,2025-04-09,iXS_PMS,743,22,8,26000.0000,12,3,16000.0000,5,4,59000.0000,0,1,7000.0000,0,0,0.0000
3588,2025-04-09,iXS_PMS,336,4,0,0.0000,3,0,0.0000,2,1,16000.0000,0,0,0.0000,0,0,0.0000
3589,2025-04-09,iXS_PMS,136,1,0,0.0000,2,1,3000.0000,3,3,23250.0000,2,1,1250.0000,0,0,0.0000
3600,2025-04-14,iXS_CCR_SMSC,3058,31,9,73250.0000,42,9,45750.0000,19,15,71500.0000,8,1,9000.0000,1,1,1500.0000
3601,2025-04-14,iXS_CCR_SMSD,1780,5,1,10000.0000,15,3,42000.0000,5,0,0.0000,2,0,0.0000,0,0,0.0000
3617,2025-04-16,iXS_Terminados_NPA_1T,125529,501,84,469500.0000,503,163,1212500.0000,75,26,220000.0000,82,14,93500.0000,2,2,16000.0000
3622,2025-04-08,iXS_PCD_NPA_1T,4540,175,58,207750.0000,170,66,362250.0000,68,33,221250.0000,79,14,78250.0000,4,0,0.0000
3623,2025-04-08,iXS_PCD_NPA_2T,396,15,0,0.0000,14,2,8000.0000,5,1,4750.0000,4,0,0.0000,0,0,0.0000
3624,2025-04-09,iXS_PCD_Inativos_1T,104,2,2,15000.0000,1,0,0.0000,0,0,0.0000,1,1,2000.0000,0,0,0.0000
3625,2025-04-09,iXS_PCD_Inativos_1T,6795,10,2,9750.0000,43,13,72250.0000,15,8,56000.0000,1,0,0.0000,0,1,6000.0000
3626,2025-04-10,iXS_PCDPM_1T,8671,9,5,35500.0000,15,1,8000.0000,12,4,14500.0000,3,0,0.0000,1,0,0.0000
3627,2025-04-10,iXS_PCDPM_1T,167,1,0,0.0000,0,0,0.0000,1,0,0.0000,0,0,0.0000,0,0,0.0000
3628,2025-04-02,iXS_PCDPMTOP,13587,100,31,225750.0000,152,59,442250.0000,73,22,166500.0000,24,6,20750.0000,1,2,8000.0000
3629,2025-04-02,iXS_PCDPMTOP,810,11,2,8000.0000,13,3,21000.0000,11,1,10000.0000,11,5,38250.0000,0,0,0.0000
3630,2025-04-08,iXS_PCDPM_2T,9218,55,7,65750.0000,81,25,357250.0000,30,10,105500.0000,14,4,36500.0000,0,0,0.0000
3631,2025-04-08,iXS_PCDPM_2T,114,2,0,0.0000,0,0,0.0000,2,0,0.0000,4,1,8000.0000,0,0,0.0000
3632,2025-04-07,iXS_PCDPMHabit,2829,17,7,41250.0000,19,9,66000.0000,16,8,70250.0000,6,3,17000.0000,1,0,0.0000
3633,2025-04-07,iXS_PCDPMHabit,83,2,1,3500.0000,5,2,16000.0000,1,0,0.0000,2,0,0.0000,1,0,0.0000
3634,2025-04-10,iXS_PCD_Auto,727,6,2,13250.0000,6,3,37750.0000,3,3,13250.0000,3,1,15000.0000,0,0,0.0000
3635,2025-04-10,iXS_PCD_Auto,47,0,0,0.0000,1,0,0.0000,1,0,0.0000,1,0,0.0000,0,1,32000.0000
3636,2025-04-10,iXS_PCDPM_Parcerias,4342,6,2,6000.0000,17,8,48750.0000,10,7,54500.0000,3,0,0.0000,0,0,0.0000
3643,2025-05-05,iXS_RUC_PlafondMinimo,4165,47,14,44500.0000,15,2,21000.0000,7,3,12500.0000,3,0,0.0000,0,0,0.0000
3644,2025-05-05,iXS_RUC_1T,18320,2,1,38000.0000,54,16,74750.0000,53,28,158750.0000,42,25,218750.0000,4,3,14250.0000
3645,2025-05-05,iXS_PCD_NPA_CPay,9639,124,17,78500.0000,97,19,98750.0000,38,7,45750.0000,24,0,0.0000,0,0,0.0000
3646,2025-05-05,iXS_RUC_NPA_CPay,15037,161,27,84250.0000,85,17,54000.0000,48,8,26500.0000,32,1,2000.0000,0,0,0.0000
3661,2025-05-06,iXS_PCDPMTOP,14538,376,159,1089750.0000,267,154,1178250.0000,273,125,973250.0000,210,100,789000.0000,17,12,99250.0000
3662,2025-05-05,iXS_PCDPM_1T,35933,2,0,0.0000,173,68,433500.0000,192,109,691000.0000,170,72,500750.0000,8,21,198500.0000
3665,2025-05-08,iXS_RUC_1T,9641,66,21,79000.0000,80,33,296500.0000,50,16,114000.0000,45,16,85000.0000,3,3,13000.0000
3666,2025-05-12,iXS_PCD_NPA_1T,9397,351,126,591000.0000,272,108,661250.0000,128,53,369250.0000,128,36,283000.0000,6,3,13000.0000
3667,2025-05-12,iXS_PCD_NPA_2T,1176,26,2,13500.0000,32,11,48000.0000,14,2,23500.0000,4,0,0.0000,0,0,0.0000
3668,2025-05-12,iXS_RUC_NPA_1T,658,44,11,48500.0000,25,4,36500.0000,14,5,40500.0000,15,3,10750.0000,0,0,0.0000
3669,2025-05-12,iXS_RUC_NPA_2T,102,3,2,3000.0000,1,0,0.0000,3,1,5000.0000,2,0,0.0000,0,0,0.0000
3678,2025-05-13,iXS_PMS,4739,19,7,51000.0000,20,9,87500.0000,15,4,28000.0000,10,6,36250.0000,0,1,8000.0000
3679,2025-05-13,iXS_PMS,4249,21,7,27000.0000,33,14,85500.0000,15,8,90500.0000,9,5,31500.0000,0,0,0.0000
3680,2025-05-13,iXS_PMS,465,4,3,9000.0000,0,0,0.0000,0,0,0.0000,0,0,0.0000,0,0,0.0000
3681,2025-05-13,iXS_PMS,813,27,7,27000.0000,11,7,43750.0000,8,6,29250.0000,2,1,10000.0000,0,0,0.0000
3682,2025-05-13,iXS_PMS,338,5,1,10000.0000,5,2,9500.0000,2,1,10000.0000,1,1,5000.0000,0,0,0.0000
3683,2025-05-13,iXS_PMS,248,5,2,9000.0000,4,5,13250.0000,2,1,6000.0000,1,2,15000.0000,0,0,0.0000
3684,2025-05-14,iXS_CCR_SMSA,403,3,1,4000.0000,3,1,8000.0000,1,2,9000.0000,2,1,26000.0000,0,0,0.0000
3685,2025-05-14,iXS_CCR_SMSB,5783,61,17,78750.0000,67,31,205750.0000,41,11,106500.0000,44,17,136750.0000,0,4,23000.0000
3686,2025-05-15,iXS_PCDPM_2T,9481,48,15,124500.0000,79,32,220000.0000,44,11,97500.0000,19,5,96500.0000,1,0,0.0000
3687,2025-05-15,iXS_PCD_Inativos_1T,7137,23,8,39250.0000,42,17,97000.0000,19,10,72000.0000,19,7,53500.0000,0,0,0.0000
3688,2025-05-19,iXS_Terminados_NPA_1T,93874,326,50,372250.0000,363,105,876750.0000,179,42,308500.0000,196,53,318500.0000,12,8,97250.0000
3689,2025-05-19,iXS_Terminados_NPA_2T,27555,119,21,211000.0000,129,23,150750.0000,37,14,141250.0000,25,4,42250.0000,3,0,0.0000
3690,2025-05-19,iXS_CCR_SMSC,4953,39,4,15000.0000,37,16,98750.0000,27,5,51750.0000,9,3,29500.0000,0,0,0.0000
3691,2025-05-19,iXS_CCR_SMSD,2076,10,0,0.0000,21,7,110250.0000,7,0,0.0000,3,0,0.0000,0,0,0.0000
3692,2025-05-20,iXS_PCDPM_1T,4238,16,5,80000.0000,18,12,81500.0000,15,8,80000.0000,8,2,9000.0000,1,1,500.0000
3693,2025-05-21,iXS_PCD_Auto,862,2,0,0.0000,2,1,12000.0000,2,2,19000.0000,0,0,0.0000,0,0,0.0000
3694,2025-05-21,iXS_PCDPM_Parcerias,9673,22,12,66500.0000,32,12,84750.0000,30,11,64750.0000,7,1,1000.0000,1,0,0.0000
3695,2025-05-21,iXS_PCD_Auto,1328,3,1,9000.0000,9,5,15500.0000,3,1,6500.0000,0,0,0.0000,0,0,0.0000
3696,2025-05-22,iXS_RUC_2T,1355,5,0,0.0000,14,11,88750.0000,8,3,37250.0000,2,0,0.0000,0,0,0.0000
3697,2025-06-02,iXS_PCD_NPA_1T,6525,373,128,685000.0000,206,87,546500.0000,211,82,391750.0000,120,35,163000.0000,9,6,65500.0000
3698,2025-06-02,iXS_PCD_NPA_2T,616,36,6,23750.0000,26,7,34750.0000,12,4,50000.0000,11,0,0.0000,0,0,0.0000
3699,2025-06-02,iXS_RUC_NPA_1T,486,32,6,35000.0000,22,9,96500.0000,10,1,1500.0000,11,0,0.0000,0,0,0.0000
3700,2025-06-02,iXS_RUC_NPA_2T,95,8,0,0.0000,4,1,2500.0000,2,2,9750.0000,3,2,12500.0000,1,0,0.0000
3701,2025-06-03,iXS_PCD_NPA_CPay,6128,70,13,40000.0000,26,4,16000.0000,5,0,0.0000,7,0,0.0000,0,0,0.0000
3702,2025-06-03,iXS_RUC_NPA_CPay,14838,112,20,114000.0000,30,11,49000.0000,15,1,1000.0000,12,0,0.0000,0,0,0.0000
3704,2025-06-05,iXS_PCDPMTOP,1737,35,13,57500.0000,18,7,51250.0000,17,3,41000.0000,8,1,3500.0000,0,0,0.0000
3705,2025-06-05,iXS_PCDPM_1T,2554,6,0,0.0000,14,7,62500.0000,7,3,35000.0000,4,2,10000.0000,1,0,0.0000
3723,2025-06-09,iXS_RUC_2T,1528,10,3,20000.0000,10,2,23000.0000,10,3,56500.0000,1,1,7000.0000,0,0,0.0000
3724,2025-06-09,iXS_PCDPM_2T,8929,79,14,88500.0000,79,31,218000.0000,41,13,126250.0000,22,10,82250.0000,2,2,36750.0000
3725,2025-06-11,iXS_RUC_1T,3379,9,2,9000.0000,14,10,68750.0000,8,2,7000.0000,4,1,1500.0000,0,0,0.0000
3726,2025-06-11,iXS_PMS,2301,6,1,5000.0000,11,5,26750.0000,12,7,36500.0000,6,2,18500.0000,0,0,0.0000
3727,2025-06-11,iXS_PMS,5294,21,7,52000.0000,18,12,99000.0000,12,4,42500.0000,13,4,40750.0000,0,1,15000.0000
3732,2025-06-11,iXS_PCD_Inativos_1T,7579,38,15,119000.0000,36,11,112500.0000,26,14,85750.0000,13,6,39250.0000,0,1,5000.0000
3733,2025-06-12,iXS_RUC_PlafondMinimo,5570,36,1,1250.0000,45,14,58500.0000,13,2,5750.0000,2,0,0.0000,0,0,0.0000
3734,2025-06-16,iXS_Terminados_NPA_1T,60725,255,47,361000.0000,169,78,509000.0000,32,6,37000.0000,39,9,85500.0000,4,2,13000.0000
3738,2025-06-16,iXS_Terminados_NPA_2T,16716,59,16,131750.0000,51,18,140500.0000,4,1,5000.0000,5,0,0.0000,4,1,12750.0000
3739,2025-06-16,iXS_CCR_SMSA,2154,5,1,10000.0000,19,8,30500.0000,16,8,76500.0000,6,6,30000.0000,0,0,0.0000
3740,2025-06-16,iXS_CCR_SMSB,4000,21,7,66000.0000,49,21,207250.0000,42,21,145750.0000,22,10,134750.0000,0,2,25000.0000
3741,2025-06-16,iXS_CCR_SMSC,3382,31,7,22750.0000,48,18,131250.0000,15,2,8750.0000,7,2,46500.0000,1,0,0.0000
3742,2025-06-16,iXS_CCR_SMSD,1762,5,1,8000.0000,20,4,37000.0000,7,1,1250.0000,6,1,500.0000,0,0,0.0000
3743,2025-06-17,iXS_PCDPMHabit,3168,15,2,9000.0000,13,5,53000.0000,9,3,17750.0000,12,6,36500.0000,0,1,1250.0000
3744,2025-06-18,iXS_PCDPM_Parcerias,5279,23,9,95500.0000,26,8,88750.0000,25,8,97000.0000,14,7,106500.0000,2,1,3000.0000
3745,2025-06-18,iXS_PCD_Auto,957,5,2,8750.0000,12,9,92750.0000,5,2,12000.0000,10,6,35000.0000,2,0,0.0000
3747,2025-07-01,iXS_PCD_NPA_1T,14700,661,244,1413000.0000,363,149,786000.0000,219,76,516000.0000,158,44,363250.0000,4,5,43000.0000
3748,2025-07-01,iXS_PCD_NPA_2T,1394,36,7,71250.0000,27,6,28250.0000,0,2,16000.0000,0,0,0.0000,0,0,0.0000
3749,2025-07-01,iXS_RUC_NPA_1T,1048,56,10,53000.0000,51,16,100500.0000,24,9,56000.0000,19,3,46000.0000,0,0,0.0000
3750,2025-07-01,iXS_RUC_NPA_2T,147,9,1,30000.0000,6,1,1000.0000,4,0,0.0000,3,0,0.0000,0,0,0.0000
3751,2025-07-08,iXS_PCDPM_2T,5000,49,11,63250.0000,44,14,144500.0000,31,8,119000.0000,7,2,15500.0000,2,0,0.0000
3766,2025-07-09,iXS_PCD_NPA_CPay,18389,135,18,54250.0000,97,20,76250.0000,57,7,80000.0000,25,3,10500.0000,0,0,0.0000
3767,2025-07-09,iXS_RUC_NPA_CPay,25675,210,39,149500.0000,125,30,143250.0000,63,12,63500.0000,30,8,48000.0000,0,0,0.0000
3768,2025-07-10,iXS_RUC_1T,9922,74,26,144250.0000,85,39,263750.0000,50,21,101750.0000,23,6,50250.0000,4,3,11500.0000
3769,2025-07-10,iXS_RUC_2T,4996,53,16,91750.0000,42,16,158500.0000,26,15,182250.0000,6,3,23000.0000,1,0,0.0000
3771,2025-07-14,iXS_Terminados_NPA_1T,66663,410,113,737000.0000,155,66,457250.0000,59,16,120500.0000,34,6,62000.0000,2,1,5000.0000
3772,2025-07-14,iXS_Terminados_NPA_2T,28640,168,24,283500.0000,131,30,304250.0000,100,25,166750.0000,92,21,179750.0000,0,3,15000.0000
3773,2025-07-14,iXS_CCR_SMSA,1036,6,4,20500.0000,13,4,25750.0000,8,6,28000.0000,3,2,17000.0000,0,0,0.0000
3774,2025-07-14,iXS_CCR_SMSB,4000,32,14,87500.0000,65,27,243750.0000,23,13,125750.0000,7,4,39500.0000,0,0,0.0000
3775,2025-07-14,iXS_CCR_SMSC,4839,52,12,123500.0000,16,9,63250.0000,19,7,36500.0000,4,2,11000.0000,1,0,0.0000
3776,2025-07-14,iXS_CCR_SMSD,2106,15,2,9000.0000,15,4,24250.0000,14,6,38250.0000,3,1,4000.0000,0,0,0.0000
3788,2025-07-15,iXS_PCDPMHabit,3939,11,5,43500.0000,18,7,45000.0000,16,8,82750.0000,2,1,25000.0000,2,0,0.0000
3789,2025-07-15,iXS_PCD_Auto,795,1,1,6500.0000,1,0,0.0000,2,1,10000.0000,1,0,0.0000,0,0,0.0000
3790,2025-07-15,iXS_PCD_Auto,1440,15,8,58000.0000,7,5,36500.0000,9,2,23750.0000,3,2,11500.0000,0,0,0.0000
3791,2025-07-16,iXS_PCD_Inativos_1T,3988,13,3,21500.0000,21,7,29000.0000,11,4,43000.0000,5,4,31750.0000,0,0,0.0000
3792,2025-07-16,iXS_PMS,3719,24,7,34750.0000,14,7,41250.0000,14,9,59750.0000,5,4,25000.0000,0,0,0.0000
3793,2025-07-16,iXS_PMS,3653,11,4,14500.0000,12,7,30750.0000,7,1,8000.0000,1,1,8000.0000,1,0,0.0000
3794,2025-07-16,iXS_PMS,985,14,9,37500.0000,13,5,37500.0000,5,3,16250.0000,4,2,10500.0000,0,0,0.0000
3797,2025-07-17,iXS_PCDPMTOP,5004,85,33,218550.0000,110,52,420250.0000,41,18,143250.0000,13,3,83500.0000,2,0,0.0000
3799,2025-07-21,iXS_PCDPM_Parcerias,4924,8,1,5000.0000,14,8,34250.0000,5,1,8000.0000,5,2,10500.0000,1,0,0.0000
3800,2025-07-22,iXS_RUC_PlafondMinimo,1665,16,2,3500.0000,9,3,6250.0000,8,1,1500.0000,3,0,0.0000,0,0,0.0000
3801,2025-07-22,iXS_PCDPM_1T,967,5,1,8000.0000,6,4,55750.0000,9,4,20000.0000,3,2,18000.0000,0,0,0.0000
3807,2025-08-05,iXS_PCDPM_1T,2565,10,4,39000.0000,9,2,6500.0000,5,3,17500.0000,1,0,0.0000,0,0,0.0000
3813,2025-08-04,iXS_PCD_NPA_1T,5839,326,126,776000.0000,179,73,334500.0000,97,46,213250.0000,65,12,70250.0000,2,2,12750.0000
3814,2025-08-04,iXS_PCD_NPA_2T,501,20,5,17500.0000,17,5,40750.0000,10,2,1750.0000,6,0,0.0000,0,0,0.0000
3815,2025-08-04,iXS_RUC_NPA_1T,334,21,4,9500.0000,15,2,10000.0000,7,1,15000.0000,4,0,0.0000,0,0,0.0000
3816,2025-08-04,iXS_RUC_NPA_2T,66,4,0,0.0000,3,1,4750.0000,1,0,0.0000,0,0,0.0000,0,0,0.0000
3818,2025-08-06,iXS_PCDPM_2T,4954,41,14,100500.0000,47,9,60000.0000,16,10,122500.0000,2,1,3000.0000,1,0,0.0000
3821,2025-08-07,iXS_PCD_NPA_CPay,6909,32,8,45500.0000,31,7,24500.0000,20,5,24250.0000,3,0,0.0000,0,0,0.0000
3822,2025-08-07,iXS_RUC_NPA_CPay,705,21,0,0.0000,11,2,3000.0000,6,0,0.0000,1,0,0.0000,0,0,0.0000
3823,2025-08-11,iXS_Terminados_NPA_1T,101437,635,131,933750.0000,404,135,941000.0000,63,10,51500.0000,48,5,27250.0000,1,1,6000.0000
3824,2025-08-11,iXS_Terminados_NPA_2T,18743,99,13,77000.0000,87,35,301750.0000,9,3,10000.0000,9,1,16000.0000,2,0,0.0000
3827,2025-08-12,iXS_PCD_Auto,889,1,0,0.0000,3,2,16000.0000,3,0,0.0000,0,0,0.0000,0,0,0.0000
3828,2025-08-12,iXS_PCD_Auto,1047,3,0,0.0000,8,3,12000.0000,3,1,2500.0000,0,0,0.0000,0,0,0.0000
3829,2025-08-14,iXS_PMS,2780,8,1,2500.0000,20,9,56500.0000,6,5,76750.0000,3,0,0.0000,0,0,0.0000
3830,2025-08-14,iXS_PMS,1314,5,3,37000.0000,7,4,45500.0000,4,0,0.0000,0,0,0.0000,0,0,0.0000
3831,2025-08-18,iXS_CCR_SMSA,839,3,1,15000.0000,12,8,41750.0000,5,4,34000.0000,0,0,0.0000,0,0,0.0000
3832,2025-08-18,iXS_CCR_SMSB,4000,23,13,134750.0000,52,23,174000.0000,26,10,109750.0000,5,2,4500.0000,1,0,0.0000
3834,2025-08-18,iXS_CCR_SMSD,45,1,0,0.0000,2,0,0.0000,2,0,0.0000,0,0,0.0000,0,0,0.0000
3835,2025-08-18,iXS_CCR_SMSC,998,7,0,0.0000,23,8,95750.0000,9,2,9500.0000,2,0,0.0000,0,0,0.0000
3836,2025-08-18,iXS_PMS,209,4,0,0.0000,2,1,1250.0000,1,1,8000.0000,0,0,0.0000,2,0,0.0000
3840,2025-08-19,iXS_RUC_1T,1477,10,2,4500.0000,13,5,75500.0000,5,2,3000.0000,1,0,0.0000,0,0,0.0000
3841,2025-08-19,iXS_RUC_2T,4897,38,5,70250.0000,41,15,145000.0000,15,5,77000.0000,3,0,0.0000,0,0,0.0000
3842,2025-08-19,iXS_RUC_PlafondMinimo,539,10,2,35500.0000,11,5,7500.0000,2,0,0.0000,3,1,4500.0000,0,0,0.0000
3847,2025-08-20,iXS_PCDPM_Parcerias,5676,11,4,30000.0000,15,8,52000.0000,11,5,87000.0000,2,1,4000.0000,1,0,0.0000
3848,2025-08-20,iXS_PCD_Inativos_1T,4999,8,2,12000.0000,29,10,126000.0000,15,11,71500.0000,0,1,500.0000,0,0,0.0000
3849,2025-08-21,iXS_PCDPMTOP,3787,30,5,81000.0000,39,14,95750.0000,14,5,68000.0000,11,2,4500.0000,0,0,0.0000
3851,2025-08-26,iXS_PCDPMHabit,3406,0,0,0.0000,11,3,19000.0000,5,1,1000.0000,2,1,30000.0000,1,0,0.0000
3869,2025-09-03,iXS_PCD_NPA_1T,8827,327,113,577750.0000,220,87,545250.0000,139,47,375000.0000,71,13,76250.0000,8,2,21500.0000
3870,2025-09-03,iXS_PCD_NPA_2T,1394,34,7,59250.0000,29,5,25000.0000,15,1,5000.0000,6,2,7500.0000,2,1,3250.0000
3871,2025-09-03,iXS_RUC_NPA_1T,651,62,12,16000.0000,32,3,5750.0000,13,4,14000.0000,12,2,12000.0000,2,0,0.0000
3872,2025-09-03,iXS_RUC_NPA_2T,97,9,1,1500.0000,9,0,0.0000,4,1,1500.0000,1,0,0.0000,0,0,0.0000
3873,2025-09-04,iXS_PCDPM_1T,5000,39,15,112500.0000,32,18,71750.0000,17,7,55500.0000,8,5,39000.0000,1,0,0.0000
3874,2025-09-09,iXS_PCDPMTOP,15259,389,176,1250250.0000,343,194,1476000.0000,190,80,711250.0000,53,16,145750.0000,10,1,3500.0000
3878,2025-09-10,iXS_RUC_2T,4999,39,13,90500.0000,42,11,146000.0000,8,2,40500.0000,4,1,500.0000,0,0,0.0000
3883,2025-09-11,iXS_PCD_NPA_CPay,11999,149,27,114250.0000,95,21,70000.0000,58,15,50000.0000,31,2,1500.0000,1,0,0.0000
3884,2025-09-11,iXS_RUC_NPA_CPay,4965,77,11,35250.0000,67,9,28000.0000,25,5,15000.0000,17,1,500.0000,0,0,0.0000
3885,2025-09-15,iXS_Terminados_NPA_1T,100604,487,82,674000.0000,342,98,693500.0000,91,9,65000.0000,84,11,94000.0000,10,2,16000.0000
3886,2025-09-15,iXS_Terminados_NPA_2T,18723,82,12,100000.0000,59,21,155750.0000,16,2,8500.0000,10,4,41750.0000,0,0,0.0000
3889,2025-09-15,iXS_CCR_SMSA,1978,6,1,8000.0000,10,3,26500.0000,9,6,50500.0000,0,0,0.0000,0,0,0.0000
3890,2025-09-15,iXS_CCR_SMSB,4000,32,11,107500.0000,43,26,276500.0000,17,10,67000.0000,3,1,8000.0000,0,0,0.0000
3891,2025-09-15,iXS_CCR_SMSC,7075,47,12,92250.0000,50,28,248500.0000,18,7,71000.0000,12,2,34250.0000,8,2,38000.0000
3892,2025-09-15,iXS_CCR_SMSD,3717,25,2,3500.0000,23,6,58500.0000,8,0,0.0000,8,3,25000.0000,3,1,11500.0000
3893,2025-09-15,iXS_PMS,3142,26,5,49000.0000,20,9,46750.0000,9,3,1750.0000,2,0,0.0000,1,0,0.0000
3894,2025-09-15,iXS_PMS,1797,19,5,27000.0000,19,6,25000.0000,5,2,9000.0000,5,1,1500.0000,2,0,0.0000
3895,2025-09-15,iXS_PMS,3423,17,5,67000.0000,17,13,173750.0000,13,11,81750.0000,3,1,5000.0000,0,0,0.0000
3896,2025-09-16,iXS_RUC_1T,5311,16,7,41500.0000,27,12,36500.0000,19,8,56000.0000,3,2,22000.0000,1,1,2000.0000
3897,2025-09-16,iXS_RUC_1T,708,11,5,6500.0000,12,5,22000.0000,8,1,750.0000,3,1,12000.0000,1,1,7000.0000
3898,2025-09-16,iXS_RUC_1T,678,7,1,2000.0000,13,3,13500.0000,5,1,4000.0000,3,0,0.0000,0,0,0.0000
3900,2025-09-16,iXS_PCDPMHabit,4988,15,2,38000.0000,17,12,117250.0000,17,6,51500.0000,2,0,0.0000,0,0,0.0000
3901,2025-09-16,iXS_PCD_Auto,800,5,1,3500.0000,7,3,27500.0000,4,1,1500.0000,0,0,0.0000,0,0,0.0000
3904,2025-09-18,iXS_PCDPM_Parcerias,7000,17,0,0.0000,34,20,166250.0000,14,5,20000.0000,7,2,5000.0000,2,1,1000.0000
3905,2025-09-22,iXS_RUC_PlafondMinimo,827,12,1,2000.0000,10,2,4750.0000,2,1,7500.0000,1,0,0.0000,0,0,0.0000
3906,2025-09-23,iXS_PCD_Inativos_1T,5677,13,3,14000.0000,38,17,112000.0000,18,11,62000.0000,3,2,8000.0000,0,1,3000.0000
3907,2025-09-23,iXS_PCDPM_2T,5068,17,2,35000.0000,38,9,123500.0000,8,5,65500.0000,1,0,0.0000,0,0,0.0000
3909,2025-09-25,iXS_RUC_NPA_3T,1000,2,0,0.0000,11,1,6000.0000,6,0,0.0000,2,0,0.0000,1,1,8000.0000
3911,2025-10-06,iXS_PCD_NPA_1T,5244,316,119,611300.0000,228,102,588250.0000,125,68,409500.0000,120,38,224750.0000,9,7,28750.0000
3912,2025-10-06,iXS_PCD_NPA_2T,2447,29,8,43000.0000,22,2,3000.0000,19,3,21750.0000,13,1,35000.0000,0,1,5000.0000
3913,2025-10-06,iXS_RUC_NPA_1T,6741,407,109,365500.0000,255,67,412750.0000,144,36,255000.0000,162,30,187750.0000,10,8,98750.0000
3914,2025-10-06,iXS_RUC_NPA_2T,1889,56,6,20500.0000,34,6,10000.0000,21,4,58000.0000,29,3,47000.0000,0,1,14000.0000
3928,2025-10-08,iXS_PCDPMTOP,14740,397,168,1316500.0000,265,126,957750.0000,108,65,448000.0000,102,23,232000.0000,11,9,43500.0000
3933,2025-10-13,iXS_Terminados_NPA_1T,98153,541,133,837500.0000,322,116,768000.0000,42,20,138000.0000,54,2,10000.0000,3,2,10000.0000
3934,2025-10-13,iXS_Terminados_NPA_2T,18793,116,21,122750.0000,69,14,154500.0000,10,2,9000.0000,14,2,47500.0000,2,0,0.0000
3935,2025-10-13,iXS_PMS,2312,21,8,41750.0000,8,4,18500.0000,1,0,0.0000,1,0,0.0000,1,0,0.0000
3936,2025-10-13,iXS_PMS,2824,7,3,37000.0000,8,4,61000.0000,5,2,21000.0000,2,0,0.0000,0,0,0.0000
3937,2025-10-14,iXS_RUC_2T,4419,41,13,102000.0000,5,3,14250.0000,3,0,0.0000,7,1,2000.0000,0,1,2500.0000
3938,2025-10-15,iXS_CCR_SMSA,1006,8,0,0.0000,9,5,42750.0000,2,1,5000.0000,1,0,0.0000,0,0,0.0000
3939,2025-10-15,iXS_CCR_SMSB,4000,28,13,85500.0000,53,31,174000.0000,21,10,83000.0000,11,2,70000.0000,1,0,0.0000
3940,2025-10-15,iXS_CCR_SMSC,2197,40,11,52750.0000,35,6,93250.0000,12,4,54250.0000,12,0,0.0000,0,0,0.0000
3941,2025-10-15,iXS_CCR_SMSD,127,2,0,0.0000,4,1,15500.0000,6,0,0.0000,0,0,0.0000,0,0,0.0000
3942,2025-10-15,iXS_RUC_1T,6847,65,19,83250.0000,54,25,161500.0000,22,10,69750.0000,19,5,51500.0000,1,0,0.0000
3943,2025-10-16,iXS_PCDPM_2T,6997,43,14,89750.0000,23,9,72750.0000,11,2,57000.0000,10,3,22200.0000,1,0,0.0000
3946,2025-10-20,iXS_RUC_PlafondMinimo,1100,27,4,6250.0000,35,3,13000.0000,17,1,2000.0000,31,2,5000.0000,0,0,0.0000
3947,2025-10-20,iXS_PCD_NPA_CPay,11996,58,3,14500.0000,81,20,96500.0000,43,9,33750.0000,35,6,44500.0000,0,2,5500.0000
3948,2025-10-20,iXS_RUC_NPA_CPay,550,14,2,11500.0000,13,4,12500.0000,5,0,0.0000,8,0,0.0000,0,0,0.0000
3949,2025-10-21,iXS_PCDPM_1T,4418,21,7,44500.0000,16,8,40500.0000,7,2,20000.0000,8,6,19250.0000,0,0,0.0000
3950,2025-10-21,iXS_RUC_1T,250,6,2,5000.0000,4,1,3000.0000,2,2,4500.0000,1,0,0.0000,0,0,0.0000
3951,2025-10-21,iXS_RUC_1T,250,2,1,6000.0000,4,2,3500.0000,1,0,0.0000,1,0,0.0000,0,0,0.0000
3952,2025-10-22,iXS_PCD_Inativos_1T,9792,40,13,104500.0000,66,27,135000.0000,22,10,45000.0000,24,12,102500.0000,1,1,1000.0000
3953,2025-10-22,iXS_PCDPM_Parcerias,4864,13,2,9500.0000,11,4,50750.0000,7,2,13500.0000,3,0,0.0000,0,0,0.0000
3954,2025-10-23,iXS_PCDPMHabit,31276,55,7,25000.0000,248,74,581750.0000,136,42,286250.0000,129,30,185000.0000,9,7,38000.0000
3955,2025-10-23,iXS_PCD_Auto,543,1,1,9000.0000,1,0,0.0000,1,1,4500.0000,0,0,0.0000,0,0,0.0000
3969,2025-11-05,iXS_PCDPMTOP,14974,463,209,1445750.0000,263,147,1243250.0000,198,83,753750.0000,68,19,135250.0000,0,0,0.0000
3971,2025-11-06,iXS_RUC_1T,4261,64,27,144000.0000,43,18,68500.0000,12,3,13000.0000,13,2,2500.0000,0,0,0.0000
3972,2025-11-06,iXS_CCR_SMSA,1032,6,2,50000.0000,9,4,57000.0000,2,0,0.0000,2,0,0.0000,0,0,0.0000
3973,2025-11-06,iXS_CCR_SMSB,4000,52,22,155500.0000,44,27,218000.0000,26,11,62000.0000,7,5,36750.0000,0,0,0.0000
3974,2025-11-06,iXS_CCR_SMSC,3500,49,16,230000.0000,19,10,52750.0000,9,2,9000.0000,2,1,3000.0000,0,0,0.0000
3975,2025-11-06,iXS_CCR_SMSD,2000,9,1,21000.0000,14,4,33000.0000,5,1,1000.0000,5,1,6000.0000,0,0,0.0000
3981,2025-11-10,iXS_PCD_NPA_1T,6183,345,167,919750.0000,258,143,884750.0000,245,92,735000.0000,157,59,350800.0000,0,0,0.0000
3982,2025-11-10,iXS_PCD_NPA_2T,10817,44,17,166250.0000,35,6,34500.0000,56,13,105000.0000,26,5,44500.0000,0,0,0.0000
3983,2025-11-10,iXS_RUC_NPA_1T,2723,176,50,226250.0000,112,40,131000.0000,93,23,198000.0000,62,14,97000.0000,0,0,0.0000
3984,2025-11-10,iXS_RUC_NPA_2T,4277,36,9,36000.0000,39,9,52750.0000,38,1,2500.0000,24,4,22250.0000,0,0,0.0000
3993,2025-11-12,iXS_PCD_NPA_CPay,11997,82,16,75750.0000,78,21,79250.0000,56,10,51000.0000,12,0,0.0000,0,0,0.0000
3994,2025-11-12,iXS_RUC_NPA_CPay,1839,26,2,6500.0000,13,3,9000.0000,16,3,8500.0000,8,1,4000.0000,0,0,0.0000
3995,2025-11-12,iXS_RUC_NPA_3T,451,2,0,0.0000,0,0,0.0000,0,0,0.0000,0,0,0.0000,0,0,0.0000
3997,2025-11-12,iXS_RUC_2T,171,3,2,24000.0000,1,0,0.0000,0,0,0.0000,0,0,0.0000,0,0,0.0000
3999,2025-11-13,iXS_PCDPM_2T,4955,37,10,75250.0000,43,11,74000.0000,36,8,64750.0000,9,2,18000.0000,0,0,0.0000
4000,2025-11-17,iXS_Terminados_NPA_1T,90267,342,53,333000.0000,192,66,354750.0000,38,2,12500.0000,18,3,17500.0000,0,0,0.0000
4001,2025-11-17,iXS_Terminados_NPA_2T,17971,95,11,146500.0000,42,19,218500.0000,11,1,20000.0000,4,0,0.0000,0,0,0.0000
4004,2025-11-18,iXS_PMS,5977,18,4,23500.0000,26,14,83250.0000,19,9,57500.0000,2,1,6250.0000,0,0,0.0000
4005,2025-11-18,iXS_PMS,3487,12,3,25500.0000,18,8,48000.0000,9,5,37500.0000,0,0,0.0000,0,0,0.0000
4006,2025-11-18,iXS_PCDPMHabit,7477,19,5,40500.0000,19,10,101000.0000,17,8,88250.0000,5,2,3500.0000,0,0,0.0000
4007,2025-11-18,iXS_PCD_Auto,583,3,1,9000.0000,5,5,12500.0000,2,1,5000.0000,1,1,8000.0000,0,0,0.0000
4008,2025-11-18,iXS_PCDPM_1T,4950,15,4,20500.0000,9,6,49500.0000,7,3,15500.0000,0,1,3000.0000,0,0,0.0000
4009,2025-11-18,iXS_PMS,1084,17,4,39000.0000,16,9,35250.0000,6,3,10500.0000,4,1,9500.0000,0,0,0.0000
4010,2025-11-18,iXS_PMS,412,4,2,25500.0000,7,4,26750.0000,0,0,0.0000,0,0,0.0000,0,0,0.0000
4011,2025-11-19,iXS_PCDPM_Parcerias,8915,22,6,41750.0000,32,15,96500.0000,15,2,6000.0000,4,1,15000.0000,0,0,0.0000
4012,2025-11-19,iXS_PCD_Inativos_1T,7908,49,11,49750.0000,46,21,141250.0000,26,13,69500.0000,4,3,8500.0000,0,0,0.0000
4013,2025-11-20,iXS_RUC_PlafondMinimo,3456,22,5,32000.0000,17,6,28500.0000,7,2,14500.0000,4,1,5000.0000,0,0,0.0000
4016,2025-12-04,iXS_PCD_NPA_1T,15419,478,206,1101000.0000,509,200,1108750.0000,260,107,720250.0000,0,0,0.0000,0,0,0.0000
4017,2025-12-04,iXS_PCD_NPA_2T,1581,20,3,40250.0000,20,4,30000.0000,18,4,11000.0000,0,0,0.0000,0,0,0.0000
4018,2025-12-04,iXS_RUC_NPA_1T,5883,225,68,279250.0000,183,61,311500.0000,83,26,103800.0000,0,0,0.0000,0,0,0.0000
4019,2025-12-04,iXS_RUC_NPA_2T,1117,32,9,37000.0000,39,10,67750.0000,12,3,8000.0000,0,0,0.0000,0,0,0.0000
4020,2025-12-04,iXS_RUC_NPA_3T,451,6,0,0.0000,3,0,0.0000,0,0,0.0000,0,0,0.0000,0,0,0.0000
4032,2025-12-09,iXS_PCDPMTOP,11999,191,94,690250.0000,259,123,920500.0000,126,47,333500.0000,0,0,0.0000,0,0,0.0000
4033,2025-12-09,iXS_PCDPM_2T,7496,46,9,121000.0000,63,22,137000.0000,26,7,20500.0000,0,0,0.0000,0,0,0.0000
4034,2025-12-09,iXS_Terminados_NPA_1T,98578,482,127,720750.0000,457,136,787500.0000,57,17,155500.0000,0,0,0.0000,0,0,0.0000
4035,2025-12-09,iXS_Terminados_NPA_2T,18654,84,13,58250.0000,83,13,158500.0000,8,1,5000.0000,0,0,0.0000,0,0,0.0000
4036,2025-12-09,iXS_PMS,2984,14,4,15500.0000,20,8,81500.0000,2,2,19000.0000,0,0,0.0000,0,0,0.0000
4037,2025-12-09,iXS_PMS,496,0,0,0.0000,1,1,3250.0000,0,0,0.0000,0,0,0.0000,0,0,0.0000
4038,2025-12-09,iXS_PMS,381,12,3,28000.0000,8,2,21500.0000,1,2,5500.0000,0,0,0.0000,0,0,0.0000
4039,2025-12-09,iXS_PMS,226,4,2,9750.0000,3,3,13000.0000,1,0,0.0000,0,0,0.0000,0,0,0.0000
4045,2025-12-10,iXS_PCD_NPA_CPay,6500,55,4,22250.0000,57,14,69000.0000,41,5,11000.0000,0,0,0.0000,0,0,0.0000
4046,2025-12-10,iXS_RUC_NPA_CPay,6791,84,17,31750.0000,40,6,27750.0000,29,7,36250.0000,0,0,0.0000,0,0,0.0000
4051,2025-12-10,iXS_CCR_SMSA,1610,3,0,0.0000,8,5,28250.0000,4,3,18750.0000,0,0,0.0000,0,0,0.0000
4052,2025-12-10,iXS_CCR_SMSB,4000,26,14,118500.0000,53,17,102000.0000,20,14,123750.0000,0,0,0.0000,0,0,0.0000
4053,2025-12-10,iXS_CCR_SMSC,974,12,0,0.0000,18,4,32000.0000,4,1,4750.0000,0,0,0.0000,0,0,0.0000
4054,2025-12-10,iXS_CCR_SMSD,64,1,0,0.0000,2,0,0.0000,0,0,0.0000,0,0,0.0000,0,0,0.0000
4057,2025-12-10,iXS_RUC_1T,9000,41,16,39750.0000,54,19,119500.0000,21,9,66250.0000,0,0,0.0000,0,0,0.0000
4058,2025-12-10,iXS_RUC_2T,6200,31,10,85000.0000,55,13,136750.0000,27,6,57500.0000,0,0,0.0000,0,0,0.0000
4059,2025-12-15,iXS_PCDPM_1T,3687,11,3,13000.0000,42,18,167250.0000,8,3,22500.0000,0,0,0.0000,0,0,0.0000
4060,2025-12-15,iXS_PCD_Inativos_1T,8000,36,11,36500.0000,63,26,190500.0000,26,16,121500.0000,0,0,0.0000,0,0,0.0000
4061,2025-12-15,iXS_PCD_Auto,1557,4,0,0.0000,9,4,19250.0000,7,3,35500.0000,0,0,0.0000,0,0,0.0000
4062,2025-12-15,iXS_RUC_PlafondMinimo,2512,17,4,7250.0000,22,3,28250.0000,3,2,6000.0000,0,0,0.0000,0,0,0.0000
4063,2025-12-15,iXS_PCDPMHabit,3500,7,1,4000.0000,21,10,55500.0000,6,2,10000.0000,0,0,0.0000,0,0,0.0000
4064,2025-12-15,iXS_PCDPM_Parcerias,5000,11,1,5500.0000,29,10,79750.0000,13,3,11250.0000,0,0,0.0000,0,0,0.0000
4076,2026-01-08,iXS_PCD_NPA_1T,16420,185,59,326500.0000,105,43,279250.0000,0,0,0.0000,0,0,0.0000,0,0,0.0000
4077,2026-01-08,iXS_PCD_NPA_2T,1580,18,2,7500.0000,9,4,61250.0000,0,0,0.0000,0,0,0.0000,0,0,0.0000
4078,2026-01-08,iXS_RUC_NPA_1T,6383,142,36,194500.0000,85,34,165000.0000,0,0,0.0000,0,0,0.0000,0,0,0.0000
4079,2026-01-08,iXS_RUC_NPA_2T,1117,18,6,20000.0000,7,2,51500.0000,0,0,0.0000,0,0,0.0000,0,0,0.0000
4080,2026-01-12,iXS_PCDPMTOP,11998,372,149,1009500.0000,266,145,950500.0000,0,0,0.0000,0,0,0.0000,0,0,0.0000
4081,2026-01-12,iXS_PCDPM_1T,12139,63,18,122000.0000,66,38,285200.0000,0,0,0.0000,0,0,0.0000,0,0,0.0000
4082,2026-01-13,iXS_RUC_1T,8946,38,9,43000.0000,54,20,119000.0000,0,0,0.0000,0,0,0.0000,0,0,0.0000
4093,2026-01-14,iXS_CCR_SMSA,993,4,1,8000.0000,3,0,0.0000,0,0,0.0000,0,0,0.0000,0,0,0.0000
4094,2026-01-14,iXS_CCR_SMSB,4000,41,19,199000.0000,49,16,73000.0000,0,0,0.0000,0,0,0.0000,0,0,0.0000
4095,2026-01-14,iXS_CCR_SMSC,3500,29,9,54750.0000,21,9,67500.0000,0,0,0.0000,0,0,0.0000,0,0,0.0000
4096,2026-01-14,iXS_CCR_SMSD,2000,17,1,10000.0000,10,4,51500.0000,0,0,0.0000,0,0,0.0000,0,0,0.0000
4097,2026-01-14,iXS_PMS,2966,14,5,47000.0000,11,6,30000.0000,0,0,0.0000,0,0,0.0000,0,0,0.0000
4098,2026-01-14,iXS_PMS,500,0,0,0.0000,1,0,0.0000,0,0,0.0000,0,0,0.0000,0,0,0.0000
4099,2026-01-14,iXS_PMS,719,12,4,25000.0000,15,9,71750.0000,0,0,0.0000,0,0,0.0000,0,0,0.0000
4100,2026-01-14,iXS_PMS,279,1,0,0.0000,0,0,0.0000,0,0,0.0000,0,0,0.0000,0,0,0.0000
4101,2026-01-14,iXS_PCDPM_2T,3499,40,14,122000.0000,25,9,104500.0000,0,0,0.0000,0,0,0.0000,0,0,0.0000
4102,2026-01-15,iXS_RUC_2T,2092,15,4,14000.0000,19,6,23000.0000,0,0,0.0000,0,0,0.0000,0,0,0.0000
4103,2026-01-15,iXS_PCD_NPA_CPay,6500,45,8,19500.0000,34,4,19000.0000,0,0,0.0000,0,0,0.0000,0,0,0.0000
4104,2026-01-15,iXS_RUC_NPA_CPay,5453,71,8,25250.0000,48,9,26500.0000,0,0,0.0000,0,0,0.0000,0,0,0.0000
4105,2026-01-19,iXS_Terminados_NPA_1T,90443,417,64,306500.0000,222,92,537000.0000,0,0,0.0000,0,0,0.0000,0,0,0.0000
4106,2026-01-19,iXS_Terminados_NPA_2T,17734,106,17,118750.0000,58,17,113750.0000,0,0,0.0000,0,0,0.0000,0,0,0.0000
4111,2026-01-19,iXS_PCDPM_1T,2194,7,1,8000.0000,5,4,36500.0000,0,0,0.0000,0,0,0.0000,0,0,0.0000
4115,2026-01-20,iXS_PCDPM_Parcerias,4999,12,3,18500.0000,26,7,59250.0000,0,0,0.0000,0,0,0.0000,0,0,0.0000
4116,2026-01-20,iXS_PCD_Inativos_1T,6499,42,8,40500.0000,52,19,65250.0000,0,0,0.0000,0,0,0.0000,0,0,0.0000
4117,2026-01-21,iXS_PCD_Auto,1974,5,4,25500.0000,7,4,28000.0000,0,0,0.0000,0,0,0.0000,0,0,0.0000
4118,2026-01-22,iXS_PCDPMHabit,3500,14,1,5000.0000,13,5,15750.0000,0,0,0.0000,0,0,0.0000,0,0,0.0000
4119,2026-01-22,iXS_RUC_PlafondMinimo,3149,18,2,7000.0000,23,6,18750.0000,0,0,0.0000,0,0,0.0000,0,0,0.0000
4120,2026-01-22,iXS_RUC_NPA_3T,677,6,1,5000.0000,4,1,8000.0000,0,0,0.0000,0,0,0.0000,0,0,0.0000
4132,2026-02-03,iXS_PCD_NPA_1T,12613,190,71,388750.0000,0,0,0.0000,0,0,0.0000,0,0,0.0000,0,0,0.0000
4133,2026-02-03,iXS_PCD_NPA_2T,5387,19,0,0.0000,0,0,0.0000,0,0,0.0000,0,0,0.0000,0,0,0.0000
4134,2026-02-03,iXS_RUC_NPA_1T,5570,144,44,253750.0000,0,0,0.0000,0,0,0.0000,0,0,0.0000,0,0,0.0000
4135,2026-02-03,iXS_RUC_NPA_2T,1930,23,6,78000.0000,0,0,0.0000,0,0,0.0000,0,0,0.0000,0,0,0.0000
4137,2026-02-04,iXS_RUC_1T,6000,39,12,106500.0000,0,0,0.0000,0,0,0.0000,0,0,0.0000,0,0,0.0000
4139,2026-02-05,iXS_PCDPMTOP,12000,230,78,568600.0000,0,0,0.0000,0,0,0.0000,0,0,0.0000,0,0,0.0000
4140,2026-02-05,iXS_PCDPM_2T,5500,47,14,71750.0000,0,0,0.0000,0,0,0.0000,0,0,0.0000,0,0,0.0000
4141,2026-02-05,iXS_PMS,2482,12,1,9000.0000,0,0,0.0000,0,0,0.0000,0,0,0.0000,0,0,0.0000
4142,2026-02-05,iXS_PMS,150,0,0,0.0000,0,0,0.0000,0,0,0.0000,0,0,0.0000,0,0,0.0000
4143,2026-02-05,iXS_PMS,389,12,3,24000.0000,0,0,0.0000,0,0,0.0000,0,0,0.0000,0,0,0.0000
4144,2026-02-05,iXS_PMS,168,2,0,0.0000,0,0,0.0000,0,0,0.0000,0,0,0.0000,0,0,0.0000
4145,2026-02-05,iXS_CCR_SMSA,1236,8,1,26500.0000,0,0,0.0000,0,0,0.0000,0,0,0.0000,0,0,0.0000
4146,2026-02-05,iXS_CCR_SMSB,4000,45,14,126000.0000,0,0,0.0000,0,0,0.0000,0,0,0.0000,0,0,0.0000
4147,2026-02-05,iXS_CCR_SMSC,4408,41,7,63500.0000,0,0,0.0000,0,0,0.0000,0,0,0.0000,0,0,0.0000
4148,2026-02-05,iXS_CCR_SMSD,1523,9,3,21750.0000,0,0,0.0000,0,0,0.0000,0,0,0.0000,0,0,0.0000
4149,2026-02-09,iXS_Terminados_NPA_1T,96654,688,104,637750.0000,0,0,0.0000,0,0,0.0000,0,0,0.0000,0,0,0.0000
4150,2026-02-09,iXS_Terminados_NPA_2T,15879,82,12,103500.0000,0,0,0.0000,0,0,0.0000,0,0,0.0000,0,0,0.0000
4151,2026-02-09,iXS_Terminados_Captacao_1T,48741,211,32,373000.0000,0,0,0.0000,0,0,0.0000,0,0,0.0000,0,0,0.0000
4152,2026-02-09,iXS_Terminados_Captacao_2T,10222,48,4,12250.0000,0,0,0.0000,0,0,0.0000,0,0,0.0000,0,0,0.0000
4153,2026-02-09,iXS_Terminados_PA_1T,2500,19,5,26000.0000,0,0,0.0000,0,0,0.0000,0,0,0.0000,0,0,0.0000
4161,2026-02-10,iXS_PCDPM_1T,4053,19,4,15000.0000,0,0,0.0000,0,0,0.0000,0,0,0.0000,0,0,0.0000
4162,2026-02-10,iXS_RUC_2T,4400,27,6,32750.0000,0,0,0.0000,0,0,0.0000,0,0,0.0000,0,0,0.0000
4163,2026-02-10,iXS_PCD_NPA_CPay,6500,36,3,21750.0000,0,0,0.0000,0,0,0.0000,0,0,0.0000,0,0,0.0000
4164,2026-02-10,iXS_RUC_NPA_CPay,7150,88,9,25500.0000,0,0,0.0000,0,0,0.0000,0,0,0.0000,0,0,0.0000
4167,2026-02-18,iXS_PCD_Inativos_1T,7200,21,4,51000.0000,0,0,0.0000,0,0,0.0000,0,0,0.0000,0,0,0.0000
4168,2026-02-18,iXS_PCDPMHabit,2000,4,0,0.0000,0,0,0.0000,0,0,0.0000,0,0,0.0000,0,0,0.0000
4169,2026-02-19,iXS_PCD_Auto,1530,3,0,0.0000,0,0,0.0000,0,0,0.0000,0,0,0.0000,0,0,0.0000
4170,2026-02-19,iXS_RUC_PlafondMinimo,3149,13,0,0.0000,0,0,0.0000,0,0,0.0000,0,0,0.0000,0,0,0.0000
4171,2026-02-19,iXS_PCDPM_Parcerias,5000,6,2,12250.0000,0,0,0.0000,0,0,0.0000,0,0,0.0000,0,0,0.0000
4172,2026-02-19,iXS_RUC_NPA_3T,470,1,0,0.0000,0,0,0.0000,0,0,0.0000,0,0,0.0000,0,0,0.0000
